0001_L.jpg, 160.0 259.0, 200.0 213.0, 253.0 174.0, 308.0 138.0, 385.0 112.0, 442.0 123.0, 512.0 145.0, 558.0 176.0, 589.0 213.0, 609.0 299.0, 635.0 356.0, 644.0 404.0, 640.0 477.0, 607.0 558.0, 560.0 604.0, 497.0 640.0, 433.0 670.0, 356.0 684.0, 270.0 666.0, 204.0 613.0, 266.0 451.0, 427.0 185.0, 392.0 309.0
0001_R.jpg, 622.0 255.0, 571.0 198.0, 516.0 152.0, 446.0 127.0, 360.0 110.0, 321.0 130.0, 279.0 149.0, 257.0 171.0, 224.0 218.0, 222.0 292.0, 215.0 361.0, 211.0 426.0, 222.0 482.0, 264.0 537.0, 306.0 576.0, 367.0 613.0, 422.0 653.0, 499.0 684.0, 541.0 673.0, 580.0 653.0, 543.0 488.0, 321.0 193.0, 400.0 310.0
0002_L.jpg, 240.0 207.0, 301.0 165.0, 367.0 136.0, 451.0 114.0, 538.0 125.0, 613.0 178.0, 642.0 242.0, 664.0 292.0, 668.0 365.0, 655.0 431.0, 624.0 490.0, 596.0 541.0, 543.0 589.0, 486.0 629.0, 429.0 653.0, 374.0 675.0, 320.0 682.0, 257.0 670.0, 180.0 629.0, 143.0 554.0, 262.0 424.0, 554.0 273.0, 442.0 279.0
0002_R.jpg, 479.0 204.0, 435.0 169.0, 396.0 152.0, 343.0 125.0, 277.0 116.0, 235.0 143.0, 198.0 165.0, 169.0 220.0, 171.0 290.0, 178.0 343.0, 189.0 400.0, 189.0 455.0, 211.0 510.0, 246.0 563.0, 299.0 616.0, 358.0 648.0, 435.0 672.0, 503.0 675.0, 589.0 653.0, 633.0 596.0, 505.0 440.0, 218.0 248.0, 329.0 296.0
0003_L.jpg, 242.0 191.0, 319.0 158.0, 380.0 134.0, 461.0 117.0, 532.0 132.0, 589.0 185.0, 622.0 240.0, 633.0 279.0, 642.0 336.0, 637.0 402.0, 626.0 457.0, 609.0 508.0, 578.0 562.0, 541.0 604.0, 488.0 639.0, 426.0 666.0, 365.0 683.0, 281.0 697.0, 222.0 681.0, 176.0 642.0, 248.0 459.0, 560.0 248.0, 459.0 306.0
0004_L.jpg, 222.0 255.0, 264.0 207.0, 314.0 156.0, 371.0 132.0, 455.0 112.0, 512.0 158.0, 545.0 204.0, 573.0 269.0, 607.0 330.0, 620.0 376.0, 620.0 448.0, 609.0 516.0, 578.0 572.0, 532.0 611.0, 470.0 637.0, 407.0 655.0, 358.0 672.0, 288.0 673.0, 233.0 664.0, 171.0 640.0, 273.0 475.0, 473.0 187.0, 435.0 336.0
0004_R.jpg, 571.0 218.0, 527.0 191.0, 470.0 151.0, 397.0 132.0, 321.0 143.0, 268.0 158.0, 220.0 207.0, 180.0 255.0, 145.0 336.0, 149.0 393.0, 176.0 459.0, 200.0 514.0, 231.0 558.0, 279.0 598.0, 343.0 635.0, 389.0 657.0, 466.0 677.0, 543.0 690.0, 598.0 677.0, 648.0 653.0, 558.0 475.0, 222.0 312.0, 370.0 303.0
0005_R.jpg, 604.0 237.0, 567.0 193.0, 545.0 163.0, 499.0 127.0, 440.0 108.0, 380.0 114.0, 323.0 121.0, 275.0 160.0, 237.0 242.0, 218.0 303.0, 209.0 378.0, 202.0 451.0, 206.0 517.0, 242.0 567.0, 286.0 607.0, 330.0 644.0, 382.0 670.0, 448.0 697.0, 521.0 662.0, 565.0 609.0, 523.0 481.0, 308.0 207.0, 397.0 310.0
0006_L.jpg, 290.0 154.0, 343.0 134.0, 391.0 116.0, 433.0 112.0, 488.0 116.0, 530.0 143.0, 567.0 167.0, 580.0 198.0, 582.0 253.0, 591.0 329.0, 602.0 398.0, 597.0 468.0, 571.0 543.0, 525.0 589.0, 472.0 627.0, 404.0 657.0, 337.0 685.0, 259.0 688.0, 229.0 662.0, 200.0 618.0, 251.0 442.0, 523.0 224.0, 439.0 306.0
0006_R.jpg, 514.0 182.0, 466.0 165.0, 422.0 125.0, 367.0 125.0, 312.0 114.0, 270.0 131.0, 240.0 171.0, 228.0 211.0, 224.0 257.0, 231.0 305.0, 231.0 380.0, 246.0 444.0, 262.0 505.0, 281.0 556.0, 316.0 598.0, 365.0 631.0, 440.0 666.0, 512.0 688.0, 571.0 659.0, 613.0 624.0, 532.0 451.0, 310.0 207.0, 371.0 297.0
0007_L.jpg, 312.0 149.0, 369.0 132.0, 431.0 123.0, 501.0 123.0, 552.0 143.0, 596.0 180.0, 611.0 222.0, 609.0 270.0, 609.0 319.0, 602.0 369.0, 593.0 424.0, 598.0 488.0, 565.0 549.0, 495.0 598.0, 442.0 633.0, 369.0 653.0, 323.0 666.0, 242.0 673.0, 200.0 648.0, 176.0 593.0, 248.0 431.0, 552.0 262.0, 440.0 312.0
0008_L.jpg, 237.0 169.0, 292.0 138.0, 334.0 121.0, 367.0 114.0, 435.0 110.0, 507.0 134.0, 554.0 169.0, 595.0 220.0, 631.0 279.0, 626.0 347.0, 600.0 429.0, 565.0 490.0, 521.0 525.0, 479.0 556.0, 451.0 598.0, 400.0 635.0, 336.0 673.0, 253.0 695.0, 191.0 655.0, 158.0 580.0, 224.0 444.0, 543.0 220.0, 359.0 312.0
0008_R.jpg, 560.0 156.0, 486.0 136.0, 413.0 114.0, 334.0 108.0, 273.0 123.0, 215.0 156.0, 176.0 185.0, 149.0 230.0, 145.0 286.0, 167.0 352.0, 196.0 409.0, 221.0 466.0, 261.0 531.0, 321.0 585.0, 378.0 626.0, 440.0 666.0, 501.0 688.0, 578.0 690.0, 624.0 660.0, 657.0 569.0, 571.0 452.0, 229.0 194.0, 389.0 277.0
0009_L.jpg, 240.0 178.0, 295.0 156.0, 347.0 127.0, 413.0 116.0, 486.0 116.0, 534.0 147.0, 580.0 163.0, 598.0 202.0, 613.0 251.0, 615.0 314.0, 618.0 387.0, 591.0 468.0, 565.0 525.0, 527.0 576.0, 490.0 629.0, 441.0 651.0, 376.0 674.0, 297.0 679.0, 242.0 651.0, 182.0 578.0, 257.0 442.0, 549.0 211.0, 423.0 290.0
0009_R.jpg, 525.0 163.0, 470.0 143.0, 418.0 127.0, 382.0 114.0, 332.0 108.0, 288.0 106.0, 239.0 123.0, 198.0 154.0, 193.0 215.0, 196.0 259.0, 196.0 314.0, 189.0 383.0, 196.0 447.0, 231.0 518.0, 271.0 582.0, 320.0 633.0, 393.0 675.0, 473.0 690.0, 549.0 648.0, 613.0 571.0, 516.0 426.0, 235.0 187.0, 372.0 275.0
0010_L.jpg, 281.0 143.0, 332.0 130.0, 378.0 127.0, 435.0 112.0, 495.0 114.0, 543.0 145.0, 578.0 176.0, 598.0 213.0, 624.0 266.0, 626.0 345.0, 631.0 415.0, 629.0 503.0, 600.0 578.0, 554.0 624.0, 490.0 642.0, 409.0 651.0, 323.0 664.0, 246.0 655.0, 207.0 633.0, 156.0 607.0, 226.0 444.0, 563.0 288.0, 420.0 312.0
0010_R.jpg, 565.0 160.0, 532.0 143.0, 499.0 134.0, 473.0 116.0, 431.0 108.0, 354.0 110.0, 305.0 110.0, 262.0 121.0, 229.0 182.0, 226.0 237.0, 213.0 312.0, 209.0 380.0, 215.0 464.0, 246.0 545.0, 291.0 598.0, 343.0 637.0, 420.0 675.0, 488.0 690.0, 552.0 675.0, 611.0 648.0, 574.0 457.0, 299.0 235.0, 408.0 284.0
0011_L.jpg, 204.0 211.0, 248.0 173.0, 299.0 134.0, 360.0 115.0, 416.0 100.0, 474.0 115.0, 533.0 136.0, 568.0 178.0, 587.0 230.0, 590.0 285.0, 599.0 357.0, 601.0 419.0, 591.0 483.0, 548.0 560.0, 489.0 601.0, 411.0 623.0, 344.0 667.0, 270.0 698.0, 235.0 663.0, 227.0 621.0, 272.0 487.0, 489.0 185.0, 367.0 321.0
0011_R.jpg, 578.0 205.0, 533.0 176.0, 495.0 145.0, 439.0 116.0, 365.0 115.0, 301.0 141.0, 261.0 174.0, 234.0 227.0, 212.0 284.0, 205.0 352.0, 212.0 421.0, 224.0 485.0, 254.0 533.0, 301.0 584.0, 379.0 607.0, 441.0 638.0, 495.0 671.0, 554.0 690.0, 585.0 663.0, 601.0 622.0, 537.0 506.0, 291.0 190.0, 407.0 322.0
0012_L.jpg, 279.0 202.0, 313.0 167.0, 349.0 136.0, 392.0 118.0, 433.0 111.0, 499.0 127.0, 548.0 160.0, 588.0 207.0, 611.0 263.0, 624.0 323.0, 629.0 398.0, 609.0 454.0, 589.0 509.0, 551.0 568.0, 505.0 612.0, 446.0 644.0, 381.0 670.0, 312.0 682.0, 236.0 673.0, 171.0 631.0, 236.0 514.0, 512.0 202.0, 428.0 310.0
0012_R.jpg, 477.0 204.0, 452.0 169.0, 415.0 146.0, 371.0 133.0, 320.0 129.0, 284.0 143.0, 255.0 157.0, 227.0 193.0, 216.0 241.0, 222.0 306.0, 222.0 360.0, 217.0 426.0, 226.0 489.0, 233.0 560.0, 269.0 613.0, 333.0 660.0, 417.0 681.0, 502.0 677.0, 551.0 657.0, 579.0 621.0, 510.0 468.0, 279.0 212.0, 372.0 341.0
0013_L.jpg, 251.0 191.0, 298.0 156.0, 349.0 130.0, 395.0 115.0, 450.0 115.0, 499.0 138.0, 537.0 170.0, 565.0 206.0, 579.0 266.0, 595.0 333.0, 609.0 405.0, 602.0 477.0, 577.0 543.0, 544.0 582.0, 485.0 627.0, 431.0 651.0, 366.0 675.0, 295.0 690.0, 229.0 663.0, 182.0 609.0, 262.0 472.0, 495.0 251.0, 417.0 333.0
0013_R.jpg, 477.0 168.0, 426.0 138.0, 383.0 124.0, 334.0 113.0, 266.0 118.0, 222.0 149.0, 196.0 183.0, 187.0 227.0, 193.0 271.0, 204.0 348.0, 200.0 402.0, 209.0 461.0, 228.0 521.0, 263.0 582.0, 322.0 628.0, 380.0 659.0, 439.0 682.0, 505.0 688.0, 571.0 659.0, 628.0 606.0, 545.0 440.0, 287.0 230.0, 366.0 312.0
0014_L.jpg, 338.0 126.0, 413.0 116.0, 485.0 117.0, 549.0 133.0, 595.0 155.0, 640.0 202.0, 663.0 259.0, 668.0 318.0, 656.0 374.0, 628.0 446.0, 613.0 513.0, 588.0 573.0, 541.0 618.0, 476.0 651.0, 417.0 667.0, 354.0 676.0, 288.0 683.0, 206.0 680.0, 176.0 645.0, 141.0 595.0, 268.0 424.0, 565.0 291.0, 446.0 307.0
0014_R.jpg, 521.0 195.0, 455.0 163.0, 401.0 135.0, 338.0 118.0, 262.0 120.0, 204.0 150.0, 171.0 185.0, 157.0 245.0, 159.0 305.0, 167.0 383.0, 177.0 450.0, 201.0 522.0, 238.0 565.0, 294.0 613.0, 346.0 638.0, 417.0 665.0, 484.0 682.0, 562.0 694.0, 610.0 680.0, 641.0 651.0, 548.0 474.0, 240.0 229.0, 337.0 326.0
0015_L.jpg, 305.0 184.0, 371.0 157.0, 454.0 146.0, 534.0 146.0, 612.0 168.0, 660.0 207.0, 695.0 245.0, 689.0 294.0, 672.0 357.0, 641.0 413.0, 616.0 471.0, 580.0 524.0, 537.0 582.0, 476.0 626.0, 405.0 652.0, 321.0 660.0, 230.0 661.0, 149.0 639.0, 118.0 593.0, 113.0 540.0, 250.0 433.0, 643.0 255.0, 470.0 318.0
0015_R.jpg, 532.0 234.0, 502.0 184.0, 459.0 154.0, 389.0 130.0, 305.0 117.0, 251.0 165.0, 222.0 202.0, 204.0 265.0, 194.0 327.0, 206.0 395.0, 227.0 457.0, 256.0 511.0, 304.0 557.0, 359.0 596.0, 421.0 637.0, 470.0 654.0, 522.0 668.0, 583.0 666.0, 617.0 637.0, 626.0 596.0, 533.0 459.0, 287.0 185.0, 380.0 318.0
0016_R.jpg, 609.0 200.0, 548.0 156.0, 488.0 132.0, 423.0 120.0, 361.0 120.0, 304.0 144.0, 267.0 189.0, 246.0 243.0, 221.0 305.0, 207.0 367.0, 211.0 425.0, 236.0 479.0, 261.0 524.0, 296.0 569.0, 341.0 609.0, 381.0 644.0, 428.0 674.0, 489.0 701.0, 535.0 677.0, 552.0 645.0, 511.0 451.0, 322.0 228.0, 390.0 291.0
0017_L.jpg, 377.0 145.0, 443.0 139.0, 487.0 134.0, 534.0 145.0, 576.0 168.0, 607.0 206.0, 633.0 251.0, 646.0 294.0, 661.0 357.0, 649.0 435.0, 632.0 501.0, 610.0 564.0, 569.0 629.0, 505.0 652.0, 427.0 663.0, 349.0 677.0, 269.0 689.0, 185.0 693.0, 140.0 685.0, 132.0 655.0, 244.0 533.0, 568.0 278.0, 444.0 317.0
0017_R.jpg, 562.0 176.0, 539.0 145.0, 513.0 128.0, 468.0 121.0, 428.0 116.0, 378.0 124.0, 338.0 148.0, 295.0 177.0, 263.0 226.0, 233.0 277.0, 211.0 329.0, 206.0 394.0, 200.0 464.0, 224.0 536.0, 260.0 584.0, 317.0 636.0, 394.0 671.0, 471.0 696.0, 517.0 689.0, 530.0 668.0, 520.0 468.0, 339.0 237.0, 415.0 283.0
0018_L.jpg, 259.0 218.0, 298.0 182.0, 335.0 162.0, 380.0 135.0, 445.0 118.0, 499.0 132.0, 539.0 168.0, 572.0 222.0, 585.0 294.0, 586.0 346.0, 568.0 416.0, 553.0 481.0, 531.0 543.0, 500.0 594.0, 449.0 636.0, 393.0 665.0, 337.0 676.0, 270.0 673.0, 239.0 663.0, 233.0 629.0, 279.0 517.0, 501.0 227.0, 401.0 328.0
0018_R.jpg, 554.0 228.0, 530.0 184.0, 504.0 160.0, 472.0 141.0, 417.0 123.0, 362.0 139.0, 315.0 154.0, 279.0 194.0, 255.0 249.0, 239.0 310.0, 234.0 379.0, 233.0 437.0, 240.0 509.0, 261.0 565.0, 296.0 616.0, 343.0 651.0, 396.0 678.0, 462.0 678.0, 515.0 645.0, 540.0 609.0, 488.0 479.0, 321.0 217.0, 418.0 326.0
0019_L.jpg, 223.0 150.0, 300.0 138.0, 360.0 130.0, 421.0 117.0, 483.0 120.0, 541.0 150.0, 593.0 195.0, 623.0 259.0, 628.0 330.0, 611.0 410.0, 590.0 482.0, 550.0 535.0, 498.0 584.0, 445.0 618.0, 376.0 644.0, 322.0 667.0, 259.0 682.0, 190.0 683.0, 167.0 630.0, 143.0 591.0, 232.0 450.0, 543.0 254.0, 382.0 283.0
0019_R.jpg, 484.0 199.0, 404.0 183.0, 325.0 180.0, 242.0 196.0, 173.0 240.0, 135.0 278.0, 116.0 329.0, 136.0 394.0, 176.0 439.0, 212.0 496.0, 254.0 539.0, 296.0 567.0, 353.0 599.0, 421.0 618.0, 487.0 618.0, 534.0 621.0, 596.0 621.0, 652.0 600.0, 684.0 577.0, 674.0 551.0, 551.0 432.0, 196.0 326.0, 344.0 323.0
0020_L.jpg, 240.0 187.0, 285.0 149.0, 326.0 126.0, 380.0 107.0, 443.0 101.0, 513.0 120.0, 550.0 162.0, 587.0 198.0, 610.0 256.0, 620.0 316.0, 620.0 366.0, 621.0 440.0, 599.0 504.0, 576.0 567.0, 530.0 608.0, 474.0 649.0, 418.0 678.0, 334.0 695.0, 261.0 659.0, 189.0 596.0, 254.0 460.0, 506.0 189.0, 444.0 290.0
0020_R.jpg, 530.0 177.0, 485.0 151.0, 462.0 133.0, 426.0 121.0, 372.0 109.0, 312.0 121.0, 267.0 143.0, 235.0 185.0, 212.0 243.0, 201.0 324.0, 194.0 389.0, 198.0 459.0, 220.0 527.0, 261.0 591.0, 312.0 646.0, 370.0 661.0, 446.0 674.0, 524.0 677.0, 582.0 648.0, 621.0 604.0, 544.0 468.0, 283.0 206.0, 388.0 334.0
0021_L.jpg, 301.0 148.0, 340.0 120.0, 371.0 120.0, 412.0 118.0, 458.0 115.0, 511.0 151.0, 548.0 194.0, 561.0 231.0, 586.0 276.0, 594.0 326.0, 586.0 402.0, 573.0 478.0, 546.0 532.0, 505.0 583.0, 447.0 625.0, 390.0 650.0, 332.0 676.0, 252.0 678.0, 219.0 639.0, 196.0 581.0, 268.0 439.0, 470.0 266.0, 405.0 277.0
0021_R.jpg, 515.0 167.0, 472.0 148.0, 423.0 134.0, 386.0 117.0, 320.0 118.0, 264.0 150.0, 231.0 190.0, 206.0 255.0, 190.0 320.0, 190.0 390.0, 202.0 435.0, 223.0 493.0, 252.0 548.0, 295.0 586.0, 336.0 621.0, 383.0 649.0, 433.0 668.0, 499.0 674.0, 546.0 645.0, 586.0 596.0, 534.0 441.0, 270.0 231.0, 348.0 289.0
0022_L.jpg, 231.0 190.0, 282.0 157.0, 336.0 134.0, 373.0 118.0, 435.0 113.0, 493.0 128.0, 548.0 167.0, 583.0 214.0, 602.0 283.0, 600.0 342.0, 586.0 392.0, 565.0 456.0, 540.0 513.0, 507.0 565.0, 460.0 604.0, 414.0 647.0, 359.0 668.0, 301.0 676.0, 245.0 649.0, 206.0 596.0, 252.0 447.0, 540.0 212.0, 430.0 293.0
0022_R.jpg, 546.0 175.0, 495.0 157.0, 408.0 157.0, 344.0 157.0, 231.0 155.0, 175.0 184.0, 146.0 226.0, 132.0 273.0, 136.0 342.0, 186.0 390.0, 227.0 439.0, 256.0 487.0, 305.0 526.0, 351.0 581.0, 396.0 614.0, 462.0 645.0, 518.0 662.0, 588.0 654.0, 639.0 633.0, 676.0 557.0, 561.0 408.0, 175.0 305.0, 309.0 322.0
0023_L.jpg, 324.0 157.0, 402.0 141.0, 468.0 138.0, 539.0 138.0, 608.0 177.0, 647.0 223.0, 662.0 266.0, 660.0 320.0, 647.0 365.0, 617.0 439.0, 592.0 501.0, 563.0 563.0, 518.0 606.0, 464.0 631.0, 412.0 650.0, 350.0 672.0, 282.0 680.0, 206.0 676.0, 177.0 660.0, 140.0 637.0, 252.0 454.0, 600.0 268.0, 464.0 294.0
0023_R.jpg, 489.0 179.0, 445.0 157.0, 396.0 136.0, 330.0 120.0, 262.0 120.0, 206.0 155.0, 179.0 177.0, 171.0 216.0, 171.0 260.0, 165.0 346.0, 175.0 418.0, 204.0 491.0, 255.0 561.0, 295.0 610.0, 359.0 652.0, 437.0 672.0, 517.0 680.0, 591.0 682.0, 633.0 645.0, 650.0 600.0, 548.0 452.0, 235.0 231.0, 352.0 297.0
0024_L.jpg, 295.0 151.0, 348.0 115.0, 398.0 113.0, 464.0 111.0, 522.0 118.0, 565.0 155.0, 592.0 194.0, 616.0 229.0, 637.0 291.0, 621.0 365.0, 610.0 431.0, 594.0 505.0, 557.0 565.0, 503.0 602.0, 417.0 639.0, 350.0 656.0, 291.0 672.0, 206.0 673.0, 175.0 627.0, 194.0 575.0, 283.0 437.0, 530.0 229.0, 450.0 293.0
0024_R.jpg, 501.0 177.0, 460.0 148.0, 396.0 136.0, 363.0 120.0, 305.0 146.0, 235.0 173.0, 200.0 208.0, 159.0 266.0, 144.0 326.0, 150.0 384.0, 175.0 444.0, 186.0 503.0, 220.0 579.0, 301.0 646.0, 384.0 678.0, 466.0 672.0, 553.0 682.0, 639.0 676.0, 672.0 631.0, 662.0 586.0, 559.0 449.0, 210.0 280.0, 358.0 323.0
0025_L.jpg, 177.0 260.0, 231.0 202.0, 287.0 163.0, 352.0 122.0, 449.0 115.0, 513.0 181.0, 548.0 225.0, 565.0 258.0, 596.0 313.0, 608.0 396.0, 602.0 472.0, 581.0 522.0, 548.0 568.0, 500.0 611.0, 451.0 641.0, 396.0 662.0, 328.0 678.0, 274.0 695.0, 241.0 678.0, 204.0 649.0, 250.0 501.0, 456.0 216.0, 404.0 324.0
0025_R.jpg, 559.0 200.0, 522.0 177.0, 475.0 136.0, 435.0 120.0, 365.0 111.0, 313.0 130.0, 274.0 153.0, 239.0 192.0, 212.0 264.0, 212.0 326.0, 216.0 394.0, 237.0 454.0, 262.0 517.0, 307.0 563.0, 350.0 598.0, 398.0 641.0, 447.0 666.0, 501.0 697.0, 550.0 687.0, 584.0 635.0, 551.0 478.0, 282.0 221.0, 375.0 315.0
0026_L.jpg, 235.0 173.0, 295.0 142.0, 353.0 122.0, 417.0 107.0, 482.0 107.0, 551.0 144.0, 584.0 196.0, 616.0 243.0, 625.0 299.0, 621.0 386.0, 614.0 443.0, 586.0 515.0, 546.0 565.0, 499.0 604.0, 445.0 631.0, 377.0 652.0, 318.0 680.0, 243.0 683.0, 202.0 660.0, 173.0 594.0, 272.0 462.0, 524.0 268.0, 417.0 313.0
0026_R.jpg, 536.0 171.0, 474.0 146.0, 416.0 128.0, 359.0 115.0, 280.0 117.0, 223.0 151.0, 181.0 196.0, 177.0 247.0, 153.0 305.0, 165.0 375.0, 181.0 449.0, 208.0 505.0, 249.0 565.0, 305.0 614.0, 376.0 643.0, 439.0 656.0, 503.0 676.0, 569.0 682.0, 606.0 656.0, 643.0 602.0, 550.0 487.0, 250.0 245.0, 361.0 336.0
0027_L.jpg, 340.0 130.0, 410.0 120.0, 458.0 120.0, 511.0 124.0, 559.0 151.0, 604.0 204.0, 619.0 252.0, 631.0 291.0, 633.0 348.0, 619.0 410.0, 614.0 482.0, 579.0 555.0, 538.0 633.0, 466.0 662.0, 406.0 689.0, 340.0 691.0, 287.0 687.0, 214.0 666.0, 181.0 633.0, 159.0 604.0, 280.0 445.0, 528.0 272.0, 460.0 324.0
0027_R.jpg, 517.0 150.0, 464.0 130.0, 421.0 118.0, 369.0 115.0, 307.0 122.0, 252.0 146.0, 225.0 177.0, 202.0 235.0, 188.0 288.0, 204.0 348.0, 200.0 410.0, 210.0 476.0, 241.0 538.0, 279.0 592.0, 330.0 646.0, 400.0 678.0, 474.0 691.0, 542.0 685.0, 588.0 670.0, 606.0 629.0, 538.0 449.0, 254.0 258.0, 359.0 322.0
0028_L.jpg, 231.0 173.0, 266.0 140.0, 322.0 118.0, 383.0 111.0, 452.0 109.0, 509.0 134.0, 534.0 161.0, 555.0 223.0, 567.0 276.0, 577.0 340.0, 579.0 414.0, 559.0 464.0, 524.0 511.0, 478.0 555.0, 439.0 586.0, 388.0 620.0, 359.0 671.0, 313.0 697.0, 283.0 687.0, 256.0 664.0, 258.0 456.0, 468.0 235.0, 381.0 278.0
0029_L.jpg, 231.0 136.0, 293.0 128.0, 365.0 124.0, 433.0 124.0, 513.0 142.0, 573.0 186.0, 608.0 243.0, 637.0 293.0, 666.0 355.0, 627.0 419.0, 598.0 483.0, 577.0 540.0, 538.0 588.0, 478.0 637.0, 412.0 658.0, 340.0 678.0, 268.0 695.0, 210.0 689.0, 165.0 656.0, 97.0 637.0, 237.0 437.0, 586.0 297.0, 456.0 320.0
0029_R.jpg, 579.0 179.0, 535.0 159.0, 479.0 140.0, 432.0 120.0, 386.0 111.0, 324.0 126.0, 280.0 140.0, 227.0 177.0, 196.0 225.0, 186.0 289.0, 183.0 384.0, 186.0 472.0, 212.0 559.0, 260.0 610.0, 336.0 650.0, 408.0 670.0, 485.0 689.0, 553.0 689.0, 590.0 658.0, 610.0 612.0, 515.0 456.0, 317.0 216.0, 379.0 315.0
0030_L.jpg, 295.0 153.0, 343.0 111.0, 406.0 99.0, 450.0 101.0, 501.0 117.0, 546.0 151.0, 595.0 196.0, 633.0 257.0, 650.0 320.0, 623.0 392.0, 584.0 472.0, 550.0 532.0, 503.0 587.0, 448.0 625.0, 388.0 649.0, 326.0 674.0, 262.0 685.0, 186.0 683.0, 155.0 649.0, 130.0 616.0, 229.0 435.0, 561.0 291.0, 406.0 295.0
0030_R.jpg, 524.0 130.0, 470.0 161.0, 443.0 221.0, 423.0 278.0, 373.0 313.0, 322.0 326.0, 268.0 330.0, 208.0 340.0, 173.0 386.0, 206.0 439.0, 237.0 499.0, 287.0 551.0, 344.0 594.0, 404.0 627.0, 464.0 654.0, 509.0 674.0, 559.0 687.0, 604.0 685.0, 625.0 656.0, 625.0 631.0, 588.0 423.0, 278.0 367.0, 443.0 280.0
0061_R.jpg, 593.0 332.0, 549.0 227.0, 481.0 145.0, 424.0 123.0, 364.0 117.0, 313.0 156.0, 274.0 201.0, 252.0 231.0, 208.0 340.0, 206.0 411.0, 223.0 474.0, 258.0 508.0, 300.0 536.0, 340.0 562.0, 372.0 594.0, 400.0 639.0, 463.0 687.0, 481.0 689.0, 494.0 682.0, 517.0 674.0, 521.0 543.0, 349.0 173.0, 404.0 319.0
0070_L.jpg, 271.0 171.0, 327.0 138.0, 385.0 113.0, 445.0 102.0, 494.0 99.0, 535.0 122.0, 580.0 145.0, 609.0 178.0, 646.0 278.0, 634.0 372.0, 613.0 425.0, 589.0 473.0, 566.0 518.0, 533.0 560.0, 498.0 597.0, 436.0 628.0, 210.0 674.0, 169.0 647.0, 141.0 616.0, 137.0 565.0, 223.0 439.0, 559.0 160.0, 471.0 286.0
0071_L.jpg, 338.0 191.0, 378.0 157.0, 416.0 136.0, 460.0 118.0, 530.0 106.0, 581.0 133.0, 602.0 168.0, 618.0 231.0, 626.0 324.0, 628.0 383.0, 626.0 441.0, 616.0 499.0, 595.0 554.0, 554.0 599.0, 494.0 649.0, 425.0 675.0, 220.0 677.0, 196.0 650.0, 191.0 616.0, 206.0 586.0, 287.0 466.0, 548.0 166.0, 448.0 327.0
0071_R.jpg, 485.0 179.0, 413.0 126.0, 343.0 102.0, 254.0 93.0, 205.0 110.0, 165.0 178.0, 156.0 238.0, 155.0 300.0, 158.0 359.0, 171.0 411.0, 184.0 466.0, 204.0 511.0, 230.0 562.0, 267.0 595.0, 319.0 626.0, 375.0 645.0, 523.0 677.0, 575.0 655.0, 610.0 640.0, 651.0 607.0, 540.0 432.0, 210.0 201.0, 319.0 308.0
0075_R.jpg, 490.0 192.0, 439.0 154.0, 390.0 126.0, 343.0 110.0, 231.0 125.0, 184.0 194.0, 170.0 253.0, 162.0 325.0, 163.0 368.0, 173.0 423.0, 186.0 473.0, 204.0 522.0, 229.0 567.0, 271.0 615.0, 327.0 651.0, 391.0 683.0, 559.0 682.0, 591.0 664.0, 610.0 642.0, 622.0 608.0, 517.0 429.0, 214.0 234.0, 305.0 316.0
0082_L.jpg, 300.0 156.0, 338.0 135.0, 386.0 120.0, 436.0 109.0, 500.0 117.0, 550.0 145.0, 586.0 170.0, 622.0 211.0, 646.0 252.0, 646.0 328.0, 629.0 416.0, 599.0 485.0, 577.0 537.0, 543.0 573.0, 507.0 626.0, 428.0 663.0, 204.0 650.0, 158.0 615.0, 130.0 570.0, 132.0 514.0, 255.0 388.0, 555.0 207.0, 458.0 307.0
0082_R.jpg, 579.0 202.0, 543.0 172.0, 492.0 138.0, 424.0 119.0, 302.0 123.0, 253.0 165.0, 231.0 193.0, 220.0 237.0, 218.0 304.0, 233.0 366.0, 247.0 431.0, 267.0 483.0, 287.0 529.0, 313.0 572.0, 349.0 606.0, 407.0 640.0, 558.0 681.0, 582.0 658.0, 590.0 630.0, 586.0 585.0, 550.0 454.0, 289.0 214.0, 352.0 296.0
0083_L.jpg, 167.0 246.0, 205.0 176.0, 256.0 127.0, 329.0 99.0, 396.0 96.0, 459.0 103.0, 506.0 119.0, 573.0 160.0, 598.0 218.0, 611.0 278.0, 630.0 334.0, 641.0 383.0, 631.0 442.0, 613.0 494.0, 578.0 539.0, 526.0 572.0, 479.0 620.0, 426.0 660.0, 374.0 676.0, 331.0 674.0, 349.0 504.0, 483.0 151.0, 364.0 221.0
0088_L.jpg, 178.0 256.0, 231.0 193.0, 294.0 142.0, 406.0 114.0, 510.0 134.0, 571.0 174.0, 602.0 256.0, 602.0 334.0, 602.0 403.0, 570.0 463.0, 542.0 513.0, 501.0 557.0, 443.0 587.0, 401.0 617.0, 357.0 648.0, 312.0 666.0, 267.0 690.0, 227.0 690.0, 206.0 654.0, 180.0 635.0, 216.0 515.0, 521.0 180.0, 390.0 303.0
0094_L.jpg, 211.0 211.0, 245.0 179.0, 289.0 145.0, 328.0 119.0, 413.0 87.0, 466.0 106.0, 497.0 119.0, 537.0 147.0, 569.0 205.0, 573.0 276.0, 585.0 348.0, 596.0 426.0, 577.0 507.0, 538.0 571.0, 463.0 625.0, 378.0 677.0, 292.0 689.0, 257.0 663.0, 240.0 650.0, 234.0 611.0, 272.0 468.0, 481.0 162.0, 380.0 303.0
0097_L.jpg, 225.0 254.0, 255.0 203.0, 293.0 163.0, 340.0 126.0, 402.0 108.0, 456.0 119.0, 492.0 135.0, 524.0 166.0, 556.0 199.0, 563.0 247.0, 570.0 312.0, 569.0 390.0, 561.0 451.0, 538.0 521.0, 513.0 568.0, 474.0 618.0, 348.0 687.0, 315.0 678.0, 289.0 658.0, 270.0 641.0, 270.0 513.0, 440.0 163.0, 388.0 317.0
0097_R.jpg, 605.0 263.0, 582.0 207.0, 541.0 157.0, 490.0 125.0, 389.0 110.0, 330.0 130.0, 269.0 166.0, 253.0 185.0, 241.0 237.0, 221.0 302.0, 213.0 366.0, 206.0 421.0, 213.0 480.0, 230.0 536.0, 262.0 587.0, 307.0 630.0, 413.0 693.0, 440.0 672.0, 469.0 650.0, 504.0 608.0, 498.0 497.0, 288.0 185.0, 397.0 311.0
0100_L.jpg, 302.0 155.0, 367.0 130.0, 431.0 132.0, 469.0 136.0, 525.0 140.0, 570.0 162.0, 611.0 189.0, 645.0 226.0, 675.0 304.0, 658.0 349.0, 647.0 368.0, 638.0 392.0, 622.0 427.0, 595.0 472.0, 569.0 521.0, 500.0 605.0, 177.0 659.0, 146.0 638.0, 124.0 611.0, 119.0 540.0, 221.0 388.0, 439.0 315.0, 598.0 279.0
0100_R.jpg, 549.0 266.0, 498.0 227.0, 453.0 193.0, 414.0 153.0, 351.0 133.0, 315.0 156.0, 296.0 179.0, 291.0 203.0, 284.0 233.0, 277.0 311.0, 253.0 364.0, 251.0 403.0, 251.0 439.0, 264.0 477.0, 270.0 523.0, 291.0 575.0, 421.0 678.0, 462.0 657.0, 492.0 640.0, 513.0 585.0, 332.0 436.0, 408.0 315.0, 336.0 201.0
0102_L.jpg, 453.0 147.0, 500.0 140.0, 544.0 147.0, 577.0 155.0, 603.0 158.0, 626.0 196.0, 645.0 237.0, 658.0 279.0, 666.0 337.0, 637.0 376.0, 602.0 398.0, 570.0 443.0, 533.0 472.0, 497.0 532.0, 443.0 583.0, 384.0 629.0, 269.0 663.0, 219.0 634.0, 179.0 591.0, 128.0 525.0, 256.0 360.0, 593.0 237.0, 461.0 310.0
0102_R.jpg, 464.0 185.0, 419.0 150.0, 366.0 131.0, 312.0 119.0, 238.0 129.0, 198.0 177.0, 171.0 227.0, 160.0 264.0, 154.0 304.0, 179.0 369.0, 202.0 453.0, 227.0 517.0, 262.0 589.0, 298.0 625.0, 371.0 660.0, 426.0 673.0, 558.0 676.0, 606.0 657.0, 632.0 623.0, 647.0 580.0, 574.0 439.0, 224.0 250.0, 291.0 304.0
0103_L.jpg, 333.0 160.0, 384.0 129.0, 436.0 121.0, 485.0 115.0, 538.0 119.0, 580.0 137.0, 616.0 163.0, 661.0 203.0, 687.0 267.0, 696.0 337.0, 676.0 413.0, 645.0 477.0, 612.0 525.0, 574.0 575.0, 450.0 650.0, 314.0 687.0, 187.0 676.0, 122.0 616.0, 112.0 561.0, 135.0 494.0, 238.0 416.0, 639.0 291.0, 507.0 330.0
0103_R.jpg, 616.0 375.0, 631.0 279.0, 600.0 202.0, 552.0 150.0, 490.0 125.0, 426.0 131.0, 368.0 157.0, 331.0 189.0, 289.0 217.0, 259.0 262.0, 212.0 299.0, 185.0 389.0, 167.0 471.0, 170.0 533.0, 198.0 596.0, 219.0 647.0, 253.0 677.0, 278.0 679.0, 311.0 668.0, 327.0 661.0, 408.0 532.0, 525.0 174.0, 445.0 275.0
0104_L.jpg, 260.0 231.0, 296.0 176.0, 344.0 155.0, 405.0 124.0, 445.0 124.0, 481.0 134.0, 533.0 166.0, 578.0 195.0, 647.0 283.0, 622.0 387.0, 603.0 480.0, 577.0 546.0, 525.0 586.0, 466.0 628.0, 373.0 650.0, 323.0 661.0, 222.0 683.0, 189.0 645.0, 176.0 577.0, 189.0 536.0, 230.0 493.0, 578.0 276.0, 481.0 308.0
0104_R.jpg, 481.0 145.0, 430.0 131.0, 378.0 131.0, 343.0 138.0, 310.0 142.0, 282.0 182.0, 246.0 222.0, 219.0 263.0, 206.0 320.0, 214.0 385.0, 240.0 445.0, 249.0 506.0, 273.0 546.0, 318.0 599.0, 368.0 629.0, 432.0 650.0, 520.0 670.0, 567.0 634.0, 589.0 591.0, 603.0 507.0, 535.0 410.0, 262.0 283.0, 339.0 323.0
0105_L.jpg, 273.0 170.0, 318.0 140.0, 366.0 121.0, 419.0 112.0, 471.0 109.0, 510.0 125.0, 542.0 141.0, 581.0 169.0, 610.0 235.0, 609.0 317.0, 590.0 382.0, 581.0 452.0, 554.0 514.0, 519.0 564.0, 464.0 597.0, 403.0 629.0, 311.0 670.0, 253.0 639.0, 201.0 600.0, 180.0 519.0, 254.0 413.0, 554.0 192.0, 462.0 283.0
0105_R.jpg, 573.0 254.0, 507.0 196.0, 469.0 142.0, 433.0 125.0, 378.0 108.0, 330.0 113.0, 289.0 137.0, 259.0 177.0, 243.0 221.0, 235.0 286.0, 234.0 373.0, 247.0 440.0, 276.0 520.0, 317.0 580.0, 366.0 641.0, 423.0 668.0, 484.0 684.0, 528.0 661.0, 559.0 632.0, 583.0 587.0, 519.0 465.0, 294.0 193.0, 360.0 280.0
0106_L.jpg, 349.0 170.0, 397.0 144.0, 437.0 124.0, 466.0 121.0, 503.0 121.0, 525.0 145.0, 549.0 167.0, 583.0 212.0, 603.0 282.0, 605.0 342.0, 580.0 398.0, 555.0 464.0, 532.0 516.0, 494.0 561.0, 446.0 609.0, 366.0 642.0, 263.0 679.0, 209.0 657.0, 190.0 616.0, 185.0 554.0, 251.0 449.0, 535.0 259.0, 459.0 318.0
0106_R.jpg, 435.0 144.0, 384.0 119.0, 328.0 112.0, 286.0 115.0, 256.0 119.0, 231.0 154.0, 203.0 195.0, 186.0 240.0, 173.0 292.0, 170.0 346.0, 166.0 424.0, 198.0 485.0, 231.0 548.0, 276.0 596.0, 333.0 634.0, 400.0 660.0, 589.0 663.0, 623.0 631.0, 631.0 586.0, 635.0 514.0, 542.0 410.0, 250.0 280.0, 326.0 320.0
0107_L.jpg, 363.0 135.0, 408.0 125.0, 455.0 125.0, 496.0 122.0, 561.0 131.0, 584.0 171.0, 609.0 198.0, 632.0 263.0, 635.0 308.0, 623.0 362.0, 618.0 408.0, 581.0 475.0, 538.0 525.0, 494.0 573.0, 448.0 607.0, 408.0 635.0, 275.0 668.0, 225.0 663.0, 190.0 629.0, 170.0 546.0, 246.0 430.0, 568.0 273.0, 490.0 294.0
0107_R.jpg, 449.0 142.0, 391.0 125.0, 337.0 119.0, 294.0 115.0, 235.0 122.0, 221.0 180.0, 195.0 209.0, 186.0 253.0, 186.0 288.0, 187.0 343.0, 211.0 413.0, 234.0 490.0, 266.0 554.0, 311.0 602.0, 372.0 639.0, 443.0 661.0, 538.0 666.0, 578.0 648.0, 607.0 609.0, 621.0 555.0, 568.0 389.0, 243.0 224.0, 315.0 294.0
0108_L.jpg, 280.0 176.0, 346.0 142.0, 465.0 142.0, 559.0 182.0, 628.0 212.0, 644.0 273.0, 664.0 308.0, 676.0 362.0, 667.0 420.0, 622.0 472.0, 586.0 520.0, 532.0 578.0, 488.0 615.0, 421.0 650.0, 368.0 661.0, 296.0 664.0, 192.0 645.0, 147.0 607.0, 110.0 552.0, 122.0 493.0, 240.0 392.0, 623.0 357.0, 509.0 344.0
0108_R.jpg, 635.0 312.0, 626.0 251.0, 597.0 192.0, 529.0 144.0, 456.0 121.0, 401.0 138.0, 356.0 151.0, 330.0 169.0, 311.0 193.0, 285.0 246.0, 257.0 310.0, 225.0 378.0, 202.0 452.0, 202.0 516.0, 219.0 586.0, 259.0 621.0, 286.0 664.0, 331.0 686.0, 373.0 692.0, 421.0 684.0, 449.0 545.0, 378.0 193.0, 389.0 294.0
0109_L.jpg, 275.0 214.0, 342.0 169.0, 416.0 134.0, 485.0 129.0, 549.0 138.0, 581.0 173.0, 616.0 211.0, 628.0 254.0, 625.0 311.0, 606.0 378.0, 580.0 445.0, 536.0 500.0, 491.0 558.0, 449.0 589.0, 378.0 641.0, 304.0 667.0, 235.0 676.0, 198.0 655.0, 163.0 628.0, 131.0 593.0, 203.0 445.0, 583.0 260.0, 490.0 318.0
0109_R.jpg, 491.0 169.0, 448.0 138.0, 398.0 126.0, 327.0 118.0, 301.0 122.0, 273.0 157.0, 240.0 192.0, 217.0 237.0, 185.0 317.0, 205.0 389.0, 224.0 455.0, 246.0 493.0, 278.0 548.0, 318.0 587.0, 363.0 623.0, 443.0 663.0, 580.0 695.0, 602.0 667.0, 621.0 635.0, 622.0 574.0, 555.0 419.0, 273.0 267.0, 359.0 307.0
0110_L.jpg, 243.0 221.0, 275.0 182.0, 315.0 147.0, 357.0 129.0, 416.0 105.0, 464.0 115.0, 512.0 151.0, 559.0 198.0, 589.0 270.0, 596.0 336.0, 586.0 408.0, 571.0 466.0, 541.0 546.0, 485.0 602.0, 430.0 645.0, 349.0 679.0, 257.0 693.0, 222.0 667.0, 183.0 641.0, 166.0 587.0, 225.0 488.0, 519.0 227.0, 433.0 333.0
0110_R.jpg, 580.0 219.0, 541.0 170.0, 501.0 140.0, 450.0 112.0, 385.0 99.0, 333.0 112.0, 280.0 135.0, 240.0 170.0, 190.0 230.0, 196.0 312.0, 219.0 388.0, 228.0 449.0, 270.0 528.0, 324.0 586.0, 371.0 638.0, 440.0 673.0, 545.0 698.0, 580.0 657.0, 600.0 629.0, 623.0 578.0, 565.0 485.0, 273.0 214.0, 400.0 311.0
0111_L.jpg, 224.0 215.0, 264.0 171.0, 310.0 134.0, 349.0 119.0, 395.0 102.0, 455.0 118.0, 513.0 158.0, 549.0 183.0, 605.0 266.0, 589.0 392.0, 575.0 446.0, 558.0 506.0, 526.0 557.0, 480.0 609.0, 432.0 638.0, 382.0 673.0, 294.0 692.0, 237.0 673.0, 212.0 638.0, 186.0 594.0, 234.0 472.0, 413.0 312.0, 507.0 238.0
0111_R.jpg, 565.0 247.0, 532.0 193.0, 500.0 158.0, 462.0 132.0, 407.0 109.0, 366.0 118.0, 315.0 131.0, 275.0 160.0, 237.0 208.0, 222.0 256.0, 215.0 305.0, 209.0 379.0, 211.0 442.0, 234.0 487.0, 263.0 535.0, 307.0 581.0, 490.0 690.0, 545.0 668.0, 599.0 622.0, 613.0 603.0, 544.0 513.0, 292.0 263.0, 366.0 314.0
0112_L.jpg, 278.0 193.0, 333.0 157.0, 388.0 124.0, 440.0 116.0, 475.0 119.0, 509.0 134.0, 548.0 155.0, 596.0 187.0, 609.0 214.0, 625.0 266.0, 628.0 344.0, 606.0 420.0, 590.0 482.0, 561.0 520.0, 538.0 568.0, 485.0 610.0, 280.0 682.0, 209.0 668.0, 163.0 638.0, 148.0 583.0, 218.0 472.0, 491.0 310.0, 573.0 225.0
0112_R.jpg, 498.0 251.0, 458.0 193.0, 410.0 153.0, 356.0 131.0, 289.0 126.0, 256.0 166.0, 235.0 208.0, 225.0 254.0, 221.0 310.0, 228.0 363.0, 246.0 429.0, 267.0 491.0, 295.0 533.0, 339.0 578.0, 381.0 605.0, 440.0 638.0, 538.0 664.0, 570.0 655.0, 597.0 631.0, 602.0 612.0, 528.0 481.0, 357.0 342.0, 275.0 203.0
0113_L.jpg, 233.0 154.0, 301.0 137.0, 372.0 131.0, 432.0 132.0, 496.0 125.0, 541.0 164.0, 586.0 190.0, 625.0 230.0, 667.0 283.0, 637.0 371.0, 619.0 432.0, 580.0 506.0, 528.0 568.0, 449.0 606.0, 411.0 621.0, 340.0 655.0, 266.0 679.0, 202.0 668.0, 142.0 632.0, 125.0 589.0, 225.0 459.0, 501.0 342.0, 618.0 301.0
0113_R.jpg, 484.0 174.0, 437.0 154.0, 392.0 135.0, 334.0 126.0, 269.0 126.0, 230.0 148.0, 176.0 202.0, 163.0 225.0, 142.0 269.0, 161.0 326.0, 173.0 375.0, 193.0 427.0, 211.0 472.0, 237.0 510.0, 267.0 558.0, 330.0 622.0, 557.0 687.0, 610.0 658.0, 652.0 599.0, 666.0 564.0, 584.0 442.0, 346.0 352.0, 212.0 270.0
0114_R.jpg, 578.0 244.0, 532.0 206.0, 487.0 163.0, 448.0 145.0, 371.0 116.0, 320.0 137.0, 282.0 161.0, 260.0 199.0, 249.0 250.0, 230.0 302.0, 218.0 363.0, 218.0 414.0, 228.0 474.0, 246.0 530.0, 285.0 574.0, 369.0 631.0, 482.0 680.0, 526.0 671.0, 554.0 642.0, 590.0 571.0, 542.0 459.0, 295.0 211.0, 369.0 304.0
0115_L.jpg, 282.0 126.0, 326.0 121.0, 378.0 121.0, 420.0 121.0, 493.0 125.0, 544.0 153.0, 584.0 182.0, 616.0 230.0, 639.0 296.0, 625.0 355.0, 597.0 420.0, 565.0 478.0, 523.0 535.0, 480.0 584.0, 424.0 623.0, 372.0 644.0, 257.0 673.0, 201.0 660.0, 167.0 629.0, 131.0 575.0, 190.0 424.0, 436.0 317.0, 570.0 276.0
0115_R.jpg, 512.0 157.0, 442.0 132.0, 389.0 128.0, 333.0 122.0, 301.0 128.0, 272.0 157.0, 234.0 193.0, 206.0 240.0, 176.0 304.0, 196.0 373.0, 203.0 442.0, 219.0 512.0, 257.0 561.0, 285.0 593.0, 334.0 623.0, 373.0 655.0, 506.0 674.0, 559.0 650.0, 577.0 623.0, 616.0 584.0, 575.0 456.0, 275.0 279.0, 331.0 318.0
0116_L.jpg, 294.0 201.0, 344.0 157.0, 392.0 128.0, 437.0 113.0, 480.0 110.0, 523.0 138.0, 571.0 177.0, 612.0 228.0, 645.0 296.0, 642.0 376.0, 639.0 427.0, 618.0 500.0, 584.0 575.0, 549.0 615.0, 496.0 661.0, 439.0 679.0, 328.0 687.0, 280.0 682.0, 230.0 671.0, 148.0 586.0, 262.0 456.0, 474.0 342.0, 542.0 253.0
0116_R.jpg, 555.0 260.0, 509.0 211.0, 458.0 164.0, 420.0 141.0, 371.0 129.0, 317.0 158.0, 276.0 195.0, 237.0 243.0, 212.0 292.0, 208.0 365.0, 212.0 426.0, 221.0 498.0, 244.0 548.0, 273.0 583.0, 311.0 618.0, 352.0 639.0, 446.0 684.0, 498.0 664.0, 541.0 632.0, 555.0 593.0, 528.0 484.0, 298.0 230.0, 337.0 298.0
0117_L.jpg, 280.0 237.0, 299.0 190.0, 328.0 155.0, 365.0 131.0, 408.0 109.0, 465.0 126.0, 504.0 150.0, 549.0 177.0, 581.0 214.0, 591.0 288.0, 589.0 339.0, 597.0 414.0, 578.0 487.0, 558.0 541.0, 512.0 597.0, 465.0 645.0, 381.0 670.0, 323.0 666.0, 275.0 660.0, 212.0 607.0, 278.0 469.0, 514.0 238.0, 458.0 301.0
0117_R.jpg, 581.0 201.0, 530.0 153.0, 477.0 125.0, 405.0 110.0, 321.0 122.0, 269.0 161.0, 227.0 187.0, 208.0 221.0, 189.0 283.0, 209.0 344.0, 227.0 408.0, 241.0 461.0, 270.0 525.0, 312.0 574.0, 369.0 634.0, 432.0 661.0, 510.0 690.0, 573.0 660.0, 602.0 621.0, 612.0 590.0, 557.0 464.0, 275.0 212.0, 349.0 285.0
0118_L.jpg, 154.0 427.0, 147.0 352.0, 170.0 272.0, 215.0 193.0, 317.0 125.0, 398.0 131.0, 472.0 144.0, 532.0 171.0, 584.0 208.0, 619.0 266.0, 648.0 317.0, 658.0 394.0, 668.0 459.0, 664.0 529.0, 639.0 602.0, 593.0 645.0, 542.0 676.0, 500.0 680.0, 461.0 667.0, 407.0 638.0, 365.0 555.0, 391.0 179.0, 400.0 272.0
0118_R.jpg, 530.0 199.0, 481.0 160.0, 416.0 129.0, 352.0 115.0, 298.0 122.0, 251.0 166.0, 219.0 205.0, 203.0 240.0, 203.0 285.0, 212.0 349.0, 233.0 414.0, 238.0 485.0, 262.0 548.0, 307.0 596.0, 368.0 641.0, 437.0 673.0, 533.0 690.0, 581.0 663.0, 612.0 631.0, 637.0 593.0, 570.0 445.0, 289.0 247.0, 366.0 328.0
0119_L.jpg, 225.0 215.0, 273.0 180.0, 317.0 147.0, 357.0 128.0, 391.0 113.0, 456.0 132.0, 496.0 144.0, 525.0 174.0, 557.0 224.0, 578.0 275.0, 586.0 352.0, 589.0 416.0, 596.0 496.0, 577.0 557.0, 539.0 610.0, 500.0 644.0, 388.0 645.0, 324.0 645.0, 282.0 682.0, 238.0 628.0, 267.0 490.0, 417.0 320.0, 456.0 240.0
0119_R.jpg, 376.0 102.0, 307.0 112.0, 253.0 134.0, 202.0 160.0, 174.0 203.0, 145.0 241.0, 135.0 298.0, 134.0 355.0, 135.0 395.0, 161.0 453.0, 174.0 539.0, 221.0 590.0, 278.0 650.0, 369.0 686.0, 462.0 677.0, 557.0 660.0, 626.0 607.0, 647.0 536.0, 615.0 416.0, 629.0 437.0, 546.0 388.0, 224.0 285.0, 315.0 347.0
0120_L.jpg, 256.0 263.0, 294.0 203.0, 340.0 142.0, 379.0 124.0, 420.0 108.0, 485.0 122.0, 542.0 145.0, 574.0 180.0, 625.0 263.0, 619.0 371.0, 594.0 466.0, 564.0 545.0, 507.0 618.0, 405.0 674.0, 324.0 686.0, 275.0 686.0, 224.0 677.0, 189.0 655.0, 174.0 606.0, 211.0 548.0, 260.0 466.0, 459.0 357.0, 562.0 250.0
0120_R.jpg, 551.0 212.0, 500.0 171.0, 439.0 137.0, 389.0 122.0, 307.0 124.0, 260.0 154.0, 206.0 198.0, 182.0 266.0, 173.0 314.0, 190.0 387.0, 202.0 446.0, 225.0 503.0, 259.0 561.0, 307.0 619.0, 365.0 647.0, 442.0 680.0, 533.0 682.0, 593.0 661.0, 623.0 622.0, 629.0 586.0, 570.0 461.0, 246.0 218.0, 347.0 308.0
0121_L.jpg, 228.0 234.0, 278.0 192.0, 305.0 160.0, 337.0 135.0, 389.0 118.0, 439.0 131.0, 480.0 148.0, 516.0 170.0, 548.0 201.0, 570.0 254.0, 578.0 344.0, 573.0 411.0, 558.0 482.0, 541.0 558.0, 488.0 593.0, 446.0 622.0, 321.0 674.0, 282.0 666.0, 256.0 644.0, 230.0 600.0, 272.0 465.0, 512.0 215.0, 446.0 294.0
0121_R.jpg, 578.0 217.0, 525.0 177.0, 471.0 141.0, 427.0 124.0, 359.0 115.0, 308.0 157.0, 280.0 195.0, 251.0 238.0, 222.0 301.0, 230.0 389.0, 247.0 449.0, 264.0 507.0, 292.0 554.0, 327.0 589.0, 372.0 638.0, 423.0 664.0, 497.0 686.0, 530.0 655.0, 554.0 625.0, 568.0 606.0, 317.0 253.0, 355.0 334.0, 544.0 480.0
0122_L.jpg, 247.0 230.0, 276.0 173.0, 311.0 138.0, 339.0 116.0, 381.0 108.0, 433.0 135.0, 490.0 160.0, 516.0 186.0, 565.0 247.0, 571.0 323.0, 570.0 379.0, 559.0 433.0, 525.0 512.0, 471.0 584.0, 378.0 635.0, 314.0 664.0, 235.0 671.0, 202.0 645.0, 196.0 605.0, 179.0 551.0, 264.0 466.0, 500.0 250.0, 403.0 301.0
0122_R.jpg, 561.0 190.0, 491.0 141.0, 417.0 116.0, 353.0 115.0, 269.0 145.0, 208.0 195.0, 183.0 227.0, 163.0 244.0, 151.0 295.0, 142.0 356.0, 145.0 450.0, 163.0 520.0, 198.0 581.0, 250.0 612.0, 326.0 637.0, 403.0 647.0, 581.0 670.0, 634.0 645.0, 652.0 621.0, 673.0 574.0, 580.0 440.0, 205.0 266.0, 323.0 331.0
0123_L.jpg, 246.0 289.0, 282.0 228.0, 311.0 185.0, 362.0 140.0, 417.0 115.0, 456.0 125.0, 488.0 137.0, 516.0 151.0, 532.0 185.0, 546.0 231.0, 561.0 292.0, 571.0 360.0, 565.0 423.0, 551.0 493.0, 522.0 545.0, 488.0 593.0, 387.0 670.0, 315.0 676.0, 273.0 664.0, 221.0 641.0, 296.0 493.0, 493.0 187.0, 432.0 324.0
0123_R.jpg, 578.0 205.0, 528.0 158.0, 466.0 125.0, 426.0 115.0, 381.0 113.0, 344.0 126.0, 296.0 151.0, 251.0 187.0, 201.0 256.0, 201.0 340.0, 206.0 404.0, 215.0 462.0, 233.0 519.0, 260.0 557.0, 296.0 605.0, 350.0 637.0, 464.0 679.0, 525.0 664.0, 573.0 634.0, 628.0 581.0, 570.0 452.0, 278.0 206.0, 395.0 314.0
0124_L.jpg, 231.0 187.0, 278.0 155.0, 334.0 131.0, 389.0 118.0, 442.0 115.0, 487.0 132.0, 525.0 151.0, 573.0 185.0, 619.0 264.0, 603.0 350.0, 577.0 426.0, 557.0 490.0, 519.0 564.0, 494.0 612.0, 423.0 639.0, 362.0 664.0, 251.0 670.0, 212.0 625.0, 183.0 573.0, 176.0 497.0, 235.0 435.0, 432.0 326.0, 565.0 227.0
0124_R.jpg, 565.0 230.0, 529.0 190.0, 468.0 166.0, 429.0 131.0, 368.0 128.0, 315.0 134.0, 246.0 150.0, 212.0 187.0, 167.0 238.0, 174.0 304.0, 189.0 372.0, 211.0 446.0, 238.0 530.0, 280.0 580.0, 320.0 621.0, 381.0 670.0, 507.0 689.0, 575.0 642.0, 589.0 603.0, 602.0 539.0, 568.0 461.0, 283.0 225.0, 346.0 298.0
0125_L.jpg, 214.0 203.0, 267.0 166.0, 308.0 142.0, 344.0 124.0, 392.0 116.0, 461.0 121.0, 507.0 138.0, 554.0 174.0, 583.0 219.0, 580.0 289.0, 568.0 360.0, 533.0 445.0, 509.0 516.0, 465.0 567.0, 414.0 618.0, 365.0 652.0, 299.0 683.0, 263.0 673.0, 230.0 655.0, 206.0 631.0, 254.0 487.0, 523.0 195.0, 443.0 278.0
0125_R.jpg, 554.0 173.0, 491.0 137.0, 436.0 121.0, 378.0 121.0, 328.0 122.0, 286.0 145.0, 254.0 169.0, 228.0 189.0, 190.0 234.0, 179.0 299.0, 195.0 381.0, 202.0 455.0, 227.0 503.0, 267.0 552.0, 318.0 603.0, 381.0 650.0, 464.0 689.0, 522.0 666.0, 564.0 626.0, 603.0 586.0, 584.0 442.0, 237.0 241.0, 373.0 301.0
0126_L.jpg, 243.0 205.0, 344.0 151.0, 392.0 138.0, 416.0 129.0, 453.0 122.0, 487.0 135.0, 517.0 151.0, 559.0 190.0, 580.0 217.0, 587.0 250.0, 593.0 324.0, 589.0 411.0, 561.0 484.0, 519.0 555.0, 477.0 599.0, 433.0 650.0, 321.0 677.0, 262.0 661.0, 228.0 616.0, 215.0 555.0, 282.0 430.0, 401.0 196.0, 480.0 278.0
0126_R.jpg, 528.0 269.0, 493.0 208.0, 448.0 160.0, 382.0 142.0, 307.0 125.0, 276.0 135.0, 234.0 153.0, 211.0 185.0, 189.0 240.0, 179.0 311.0, 174.0 360.0, 179.0 413.0, 195.0 474.0, 217.0 510.0, 270.0 552.0, 312.0 606.0, 359.0 618.0, 436.0 642.0, 507.0 642.0, 564.0 615.0, 532.0 475.0, 275.0 209.0, 336.0 278.0
0127_L.jpg, 302.0 186.0, 355.0 151.0, 397.0 138.0, 440.0 122.0, 493.0 119.0, 544.0 138.0, 570.0 163.0, 594.0 208.0, 613.0 269.0, 609.0 344.0, 599.0 413.0, 573.0 477.0, 548.0 544.0, 480.0 602.0, 426.0 641.0, 342.0 667.0, 275.0 677.0, 235.0 668.0, 195.0 641.0, 155.0 599.0, 231.0 446.0, 520.0 234.0, 466.0 302.0
0127_R.jpg, 612.0 471.0, 628.0 357.0, 626.0 246.0, 570.0 173.0, 506.0 141.0, 436.0 145.0, 363.0 148.0, 299.0 173.0, 243.0 206.0, 185.0 285.0, 169.0 350.0, 186.0 426.0, 208.0 485.0, 240.0 530.0, 259.0 589.0, 278.0 629.0, 312.0 689.0, 344.0 676.0, 366.0 666.0, 413.0 635.0, 423.0 548.0, 491.0 240.0, 436.0 302.0
0129_L.jpg, 217.0 219.0, 267.0 167.0, 311.0 134.0, 349.0 124.0, 408.0 106.0, 462.0 113.0, 516.0 128.0, 554.0 167.0, 587.0 225.0, 577.0 320.0, 564.0 366.0, 551.0 432.0, 520.0 503.0, 481.0 558.0, 430.0 628.0, 379.0 664.0, 330.0 686.0, 272.0 652.0, 235.0 619.0, 214.0 552.0, 257.0 435.0, 509.0 218.0, 395.0 279.0
0129_R.jpg, 557.0 230.0, 504.0 182.0, 427.0 154.0, 363.0 119.0, 295.0 110.0, 240.0 150.0, 227.0 195.0, 222.0 230.0, 222.0 257.0, 228.0 282.0, 225.0 344.0, 234.0 420.0, 266.0 500.0, 308.0 567.0, 350.0 626.0, 385.0 671.0, 455.0 689.0, 500.0 674.0, 542.0 644.0, 583.0 596.0, 554.0 446.0, 321.0 222.0, 373.0 267.0
0130_L.jpg, 209.0 256.0, 243.0 203.0, 288.0 164.0, 326.0 150.0, 405.0 124.0, 445.0 132.0, 491.0 140.0, 523.0 160.0, 568.0 198.0, 583.0 270.0, 596.0 349.0, 593.0 416.0, 575.0 503.0, 542.0 536.0, 493.0 599.0, 408.0 655.0, 324.0 686.0, 279.0 664.0, 253.0 639.0, 228.0 591.0, 273.0 478.0, 484.0 203.0, 430.0 282.0
0130_R.jpg, 634.0 272.0, 590.0 205.0, 538.0 166.0, 481.0 131.0, 385.0 115.0, 343.0 122.0, 301.0 141.0, 267.0 167.0, 244.0 199.0, 228.0 246.0, 219.0 288.0, 205.0 337.0, 199.0 388.0, 201.0 456.0, 225.0 506.0, 254.0 562.0, 432.0 680.0, 482.0 686.0, 512.0 661.0, 552.0 623.0, 535.0 497.0, 323.0 199.0, 408.0 295.0
0131_L.jpg, 339.0 177.0, 411.0 157.0, 475.0 155.0, 539.0 157.0, 573.0 161.0, 607.0 186.0, 635.0 206.0, 654.0 235.0, 670.0 279.0, 670.0 350.0, 648.0 427.0, 622.0 500.0, 574.0 548.0, 517.0 596.0, 439.0 618.0, 369.0 634.0, 256.0 631.0, 195.0 603.0, 141.0 559.0, 105.0 503.0, 247.0 398.0, 613.0 311.0, 493.0 330.0
0131_R.jpg, 500.0 140.0, 408.0 116.0, 366.0 116.0, 308.0 131.0, 249.0 157.0, 212.0 192.0, 186.0 214.0, 164.0 235.0, 147.0 263.0, 145.0 328.0, 157.0 410.0, 183.0 512.0, 218.0 564.0, 273.0 625.0, 357.0 666.0, 424.0 682.0, 493.0 684.0, 529.0 668.0, 581.0 664.0, 634.0 632.0, 584.0 472.0, 270.0 285.0, 368.0 328.0
0132_L.jpg, 209.0 206.0, 251.0 160.0, 314.0 128.0, 365.0 115.0, 417.0 112.0, 458.0 126.0, 494.0 147.0, 536.0 174.0, 568.0 219.0, 589.0 292.0, 583.0 352.0, 574.0 442.0, 535.0 519.0, 509.0 577.0, 442.0 628.0, 395.0 654.0, 318.0 683.0, 291.0 664.0, 267.0 642.0, 241.0 616.0, 259.0 506.0, 468.0 225.0, 414.0 276.0
0132_R.jpg, 597.0 208.0, 529.0 173.0, 469.0 153.0, 391.0 135.0, 291.0 134.0, 251.0 163.0, 209.0 208.0, 187.0 237.0, 173.0 267.0, 199.0 324.0, 233.0 404.0, 260.0 480.0, 302.0 564.0, 359.0 621.0, 416.0 660.0, 478.0 674.0, 565.0 690.0, 609.0 660.0, 629.0 628.0, 657.0 583.0, 607.0 471.0, 320.0 270.0, 398.0 305.0
0133_L.jpg, 264.0 185.0, 307.0 155.0, 339.0 141.0, 384.0 125.0, 429.0 108.0, 468.0 116.0, 504.0 129.0, 522.0 141.0, 548.0 173.0, 568.0 224.0, 568.0 283.0, 567.0 363.0, 555.0 442.0, 522.0 528.0, 468.0 593.0, 391.0 648.0, 317.0 683.0, 286.0 679.0, 254.0 667.0, 209.0 634.0, 241.0 475.0, 503.0 209.0, 481.0 273.0
0133_R.jpg, 565.0 214.0, 513.0 180.0, 448.0 147.0, 401.0 124.0, 334.0 116.0, 291.0 140.0, 270.0 169.0, 250.0 193.0, 237.0 230.0, 233.0 257.0, 222.0 308.0, 215.0 389.0, 225.0 461.0, 241.0 514.0, 270.0 580.0, 314.0 629.0, 423.0 679.0, 485.0 667.0, 506.0 631.0, 530.0 581.0, 517.0 477.0, 324.0 211.0, 394.0 278.0
0134_L.jpg, 224.0 209.0, 254.0 174.0, 289.0 153.0, 328.0 140.0, 401.0 121.0, 459.0 141.0, 488.0 158.0, 517.0 185.0, 558.0 233.0, 573.0 324.0, 593.0 379.0, 599.0 450.0, 587.0 512.0, 552.0 571.0, 510.0 628.0, 439.0 661.0, 302.0 676.0, 267.0 660.0, 233.0 635.0, 201.0 609.0, 257.0 480.0, 506.0 294.0, 392.0 294.0
0134_R.jpg, 587.0 179.0, 545.0 144.0, 494.0 118.0, 448.0 109.0, 366.0 118.0, 310.0 160.0, 291.0 174.0, 279.0 201.0, 244.0 249.0, 217.0 326.0, 212.0 394.0, 212.0 469.0, 244.0 526.0, 273.0 565.0, 310.0 599.0, 353.0 638.0, 453.0 689.0, 482.0 680.0, 522.0 660.0, 555.0 618.0, 557.0 498.0, 356.0 215.0, 432.0 267.0
0135_R.jpg, 591.0 318.0, 570.0 253.0, 554.0 196.0, 522.0 151.0, 480.0 119.0, 407.0 122.0, 350.0 128.0, 312.0 158.0, 269.0 190.0, 243.0 249.0, 217.0 320.0, 208.0 376.0, 208.0 445.0, 225.0 490.0, 266.0 532.0, 334.0 597.0, 465.0 683.0, 506.0 673.0, 548.0 663.0, 589.0 631.0, 530.0 520.0, 427.0 190.0, 347.0 296.0
0136_L.jpg, 246.0 205.0, 286.0 164.0, 337.0 138.0, 394.0 124.0, 452.0 112.0, 520.0 135.0, 581.0 171.0, 609.0 212.0, 622.0 247.0, 619.0 350.0, 602.0 407.0, 602.0 464.0, 570.0 528.0, 526.0 590.0, 464.0 642.0, 395.0 663.0, 243.0 660.0, 205.0 626.0, 187.0 586.0, 177.0 520.0, 269.0 445.0, 570.0 217.0, 417.0 286.0
0136_R.jpg, 551.0 225.0, 497.0 185.0, 443.0 163.0, 365.0 124.0, 291.0 116.0, 233.0 145.0, 195.0 193.0, 169.0 231.0, 157.0 275.0, 164.0 350.0, 176.0 419.0, 199.0 469.0, 233.0 529.0, 280.0 580.0, 327.0 615.0, 378.0 648.0, 522.0 686.0, 565.0 676.0, 609.0 652.0, 635.0 615.0, 536.0 443.0, 269.0 179.0, 347.0 320.0
0137_L.jpg, 349.0 118.0, 391.0 116.0, 440.0 115.0, 487.0 116.0, 522.0 116.0, 548.0 137.0, 586.0 147.0, 609.0 179.0, 644.0 222.0, 641.0 282.0, 628.0 355.0, 612.0 440.0, 584.0 523.0, 538.0 586.0, 468.0 623.0, 375.0 648.0, 273.0 663.0, 221.0 639.0, 173.0 607.0, 129.0 558.0, 221.0 395.0, 597.0 225.0, 490.0 241.0
0137_R.jpg, 571.0 244.0, 493.0 182.0, 410.0 140.0, 350.0 129.0, 288.0 129.0, 243.0 160.0, 221.0 189.0, 199.0 215.0, 183.0 269.0, 187.0 339.0, 201.0 410.0, 201.0 482.0, 225.0 538.0, 250.0 587.0, 305.0 632.0, 359.0 667.0, 450.0 687.0, 510.0 682.0, 554.0 670.0, 596.0 654.0, 545.0 475.0, 283.0 202.0, 355.0 292.0
0138_R.jpg, 586.0 269.0, 548.0 215.0, 497.0 164.0, 459.0 140.0, 365.0 128.0, 320.0 145.0, 292.0 163.0, 280.0 180.0, 257.0 209.0, 251.0 243.0, 228.0 286.0, 212.0 365.0, 221.0 445.0, 249.0 513.0, 302.0 564.0, 356.0 609.0, 440.0 677.0, 498.0 679.0, 517.0 657.0, 533.0 622.0, 510.0 512.0, 342.0 238.0, 410.0 311.0
0139_L.jpg, 314.0 189.0, 381.0 161.0, 423.0 145.0, 445.0 135.0, 512.0 126.0, 561.0 145.0, 583.0 167.0, 615.0 180.0, 652.0 212.0, 663.0 299.0, 657.0 359.0, 637.0 452.0, 596.0 510.0, 557.0 571.0, 497.0 610.0, 432.0 637.0, 260.0 670.0, 203.0 658.0, 179.0 638.0, 155.0 612.0, 250.0 407.0, 584.0 246.0, 482.0 282.0
0139_R.jpg, 475.0 167.0, 408.0 124.0, 344.0 119.0, 307.0 128.0, 263.0 153.0, 222.0 176.0, 180.0 227.0, 157.0 262.0, 145.0 288.0, 129.0 355.0, 112.0 429.0, 150.0 482.0, 180.0 532.0, 225.0 581.0, 275.0 623.0, 304.0 647.0, 394.0 670.0, 453.0 654.0, 506.0 621.0, 544.0 594.0, 561.0 371.0, 312.0 221.0, 384.0 269.0
0140_L.jpg, 257.0 202.0, 326.0 163.0, 387.0 148.0, 439.0 132.0, 490.0 116.0, 539.0 132.0, 575.0 160.0, 602.0 186.0, 637.0 235.0, 622.0 305.0, 615.0 359.0, 596.0 423.0, 570.0 491.0, 538.0 551.0, 484.0 600.0, 440.0 639.0, 280.0 680.0, 247.0 671.0, 206.0 650.0, 179.0 603.0, 238.0 417.0, 496.0 198.0, 481.0 336.0
0140_R.jpg, 552.0 227.0, 507.0 189.0, 448.0 148.0, 397.0 131.0, 310.0 131.0, 262.0 160.0, 240.0 189.0, 231.0 231.0, 206.0 270.0, 228.0 333.0, 230.0 382.0, 243.0 448.0, 266.0 516.0, 286.0 568.0, 307.0 609.0, 362.0 641.0, 477.0 693.0, 507.0 677.0, 532.0 667.0, 551.0 628.0, 559.0 461.0, 307.0 221.0, 378.0 298.0
0141_L.jpg, 201.0 243.0, 231.0 199.0, 269.0 151.0, 312.0 128.0, 362.0 118.0, 410.0 137.0, 450.0 161.0, 496.0 208.0, 580.0 314.0, 599.0 384.0, 589.0 446.0, 578.0 490.0, 577.0 516.0, 552.0 565.0, 528.0 618.0, 512.0 652.0, 464.0 679.0, 429.0 671.0, 411.0 660.0, 371.0 639.0, 326.0 498.0, 394.0 189.0, 407.0 295.0
0141_R.jpg, 577.0 253.0, 551.0 219.0, 519.0 182.0, 485.0 145.0, 420.0 113.0, 353.0 124.0, 330.0 132.0, 314.0 148.0, 304.0 171.0, 292.0 225.0, 269.0 283.0, 249.0 356.0, 254.0 458.0, 295.0 544.0, 333.0 600.0, 376.0 645.0, 440.0 692.0, 481.0 673.0, 510.0 666.0, 552.0 639.0, 548.0 509.0, 347.0 169.0, 392.0 301.0
0142_L.jpg, 219.0 189.0, 279.0 155.0, 315.0 132.0, 368.0 118.0, 445.0 108.0, 491.0 132.0, 514.0 150.0, 542.0 205.0, 558.0 230.0, 571.0 257.0, 578.0 305.0, 586.0 360.0, 573.0 430.0, 544.0 488.0, 498.0 545.0, 456.0 594.0, 397.0 648.0, 342.0 667.0, 280.0 666.0, 262.0 637.0, 251.0 500.0, 482.0 241.0, 456.0 307.0
0142_R.jpg, 613.0 246.0, 568.0 209.0, 528.0 174.0, 471.0 142.0, 410.0 121.0, 375.0 126.0, 339.0 142.0, 305.0 163.0, 283.0 185.0, 253.0 238.0, 211.0 321.0, 198.0 387.0, 190.0 458.0, 205.0 500.0, 230.0 545.0, 275.0 600.0, 363.0 671.0, 407.0 668.0, 427.0 660.0, 449.0 637.0, 481.0 500.0, 314.0 231.0, 385.0 283.0
0143_L.jpg, 282.0 209.0, 349.0 170.0, 411.0 145.0, 464.0 135.0, 514.0 134.0, 562.0 155.0, 594.0 180.0, 607.0 195.0, 618.0 234.0, 621.0 289.0, 609.0 352.0, 584.0 417.0, 549.0 488.0, 510.0 539.0, 466.0 594.0, 404.0 628.0, 267.0 683.0, 208.0 661.0, 185.0 631.0, 154.0 587.0, 202.0 453.0, 541.0 259.0, 443.0 305.0
0143_R.jpg, 603.0 296.0, 581.0 224.0, 561.0 169.0, 519.0 142.0, 465.0 122.0, 419.0 142.0, 368.0 170.0, 346.0 187.0, 321.0 209.0, 295.0 246.0, 256.0 302.0, 225.0 350.0, 214.0 419.0, 214.0 478.0, 233.0 544.0, 259.0 615.0, 315.0 664.0, 356.0 679.0, 388.0 679.0, 432.0 664.0, 471.0 528.0, 485.0 215.0, 466.0 283.0
0144_L.jpg, 214.0 212.0, 262.0 167.0, 326.0 137.0, 375.0 118.0, 449.0 110.0, 481.0 121.0, 525.0 132.0, 567.0 160.0, 583.0 179.0, 599.0 224.0, 609.0 278.0, 609.0 352.0, 593.0 430.0, 570.0 491.0, 532.0 554.0, 477.0 606.0, 312.0 673.0, 246.0 671.0, 215.0 651.0, 180.0 626.0, 249.0 448.0, 539.0 209.0, 417.0 301.0
0144_R.jpg, 574.0 286.0, 546.0 214.0, 512.0 144.0, 465.0 125.0, 385.0 105.0, 344.0 128.0, 317.0 155.0, 280.0 198.0, 278.0 234.0, 267.0 286.0, 240.0 330.0, 230.0 385.0, 237.0 424.0, 275.0 480.0, 291.0 568.0, 326.0 639.0, 401.0 680.0, 427.0 673.0, 443.0 660.0, 469.0 642.0, 461.0 475.0, 381.0 180.0, 373.0 267.0
0145_L.jpg, 314.0 182.0, 378.0 122.0, 450.0 122.0, 500.0 125.0, 533.0 134.0, 574.0 166.0, 599.0 186.0, 615.0 203.0, 641.0 241.0, 651.0 302.0, 644.0 382.0, 625.0 464.0, 589.0 523.0, 538.0 591.0, 453.0 635.0, 339.0 661.0, 233.0 654.0, 187.0 615.0, 142.0 583.0, 122.0 544.0, 234.0 420.0, 536.0 286.0, 336.0 344.0
0145_R.jpg, 589.0 224.0, 535.0 177.0, 485.0 158.0, 429.0 150.0, 360.0 132.0, 324.0 163.0, 273.0 195.0, 247.0 230.0, 240.0 253.0, 238.0 295.0, 228.0 347.0, 212.0 426.0, 202.0 497.0, 225.0 564.0, 273.0 606.0, 343.0 641.0, 440.0 671.0, 514.0 660.0, 535.0 658.0, 586.0 650.0, 571.0 512.0, 384.0 224.0, 389.0 356.0
0146_L.jpg, 263.0 177.0, 311.0 134.0, 359.0 109.0, 404.0 96.0, 449.0 105.0, 480.0 129.0, 514.0 148.0, 528.0 177.0, 557.0 203.0, 573.0 235.0, 590.0 311.0, 605.0 371.0, 600.0 442.0, 562.0 509.0, 525.0 571.0, 436.0 631.0, 272.0 673.0, 221.0 654.0, 193.0 641.0, 170.0 599.0, 230.0 469.0, 512.0 254.0, 405.0 320.0
0146_R.jpg, 573.0 302.0, 578.0 211.0, 538.0 154.0, 504.0 135.0, 472.0 125.0, 417.0 131.0, 356.0 155.0, 333.0 169.0, 299.0 192.0, 285.0 247.0, 256.0 298.0, 234.0 343.0, 217.0 411.0, 228.0 471.0, 243.0 516.0, 304.0 554.0, 363.0 619.0, 397.0 622.0, 427.0 609.0, 452.0 597.0, 449.0 490.0, 359.0 211.0, 371.0 282.0
0147_L.jpg, 212.0 221.0, 251.0 167.0, 288.0 134.0, 331.0 115.0, 387.0 105.0, 442.0 122.0, 507.0 141.0, 559.0 187.0, 612.0 256.0, 625.0 360.0, 612.0 423.0, 590.0 490.0, 573.0 512.0, 532.0 564.0, 475.0 612.0, 413.0 648.0, 320.0 682.0, 254.0 664.0, 214.0 638.0, 189.0 599.0, 225.0 449.0, 506.0 228.0, 387.0 296.0
0147_R.jpg, 567.0 411.0, 629.0 331.0, 626.0 244.0, 603.0 203.0, 573.0 164.0, 500.0 137.0, 424.0 131.0, 350.0 142.0, 326.0 157.0, 267.0 205.0, 234.0 251.0, 196.0 298.0, 169.0 366.0, 169.0 437.0, 174.0 477.0, 182.0 523.0, 203.0 575.0, 260.0 639.0, 298.0 652.0, 352.0 664.0, 523.0 182.0, 429.0 535.0, 400.0 289.0
0148_L.jpg, 340.0 189.0, 403.0 144.0, 459.0 125.0, 526.0 118.0, 594.0 131.0, 629.0 157.0, 661.0 180.0, 671.0 209.0, 683.0 237.0, 679.0 291.0, 657.0 339.0, 641.0 398.0, 609.0 475.0, 570.0 535.0, 482.0 612.0, 397.0 652.0, 153.0 645.0, 113.0 615.0, 102.0 578.0, 108.0 528.0, 227.0 401.0, 621.0 228.0, 474.0 320.0
0148_R.jpg, 603.0 360.0, 609.0 289.0, 597.0 221.0, 567.0 167.0, 490.0 119.0, 426.0 121.0, 391.0 147.0, 343.0 183.0, 267.0 254.0, 238.0 305.0, 224.0 344.0, 205.0 400.0, 205.0 459.0, 218.0 514.0, 241.0 570.0, 266.0 615.0, 339.0 680.0, 368.0 680.0, 397.0 679.0, 437.0 660.0, 468.0 516.0, 456.0 160.0, 382.0 273.0
0149_L.jpg, 291.0 202.0, 355.0 161.0, 421.0 140.0, 493.0 141.0, 542.0 134.0, 599.0 167.0, 632.0 182.0, 660.0 215.0, 690.0 288.0, 642.0 372.0, 613.0 416.0, 583.0 475.0, 555.0 510.0, 523.0 564.0, 474.0 609.0, 433.0 638.0, 201.0 641.0, 125.0 629.0, 96.0 613.0, 87.0 570.0, 205.0 439.0, 583.0 275.0, 449.0 353.0
0149_R.jpg, 533.0 310.0, 491.0 247.0, 452.0 208.0, 419.0 167.0, 365.0 138.0, 340.0 138.0, 299.0 138.0, 285.0 161.0, 264.0 238.0, 253.0 282.0, 253.0 334.0, 257.0 384.0, 263.0 410.0, 280.0 461.0, 301.0 513.0, 323.0 554.0, 423.0 679.0, 471.0 686.0, 494.0 674.0, 513.0 664.0, 519.0 517.0, 331.0 219.0, 344.0 336.0
0150_L.jpg, 317.0 254.0, 363.0 195.0, 405.0 163.0, 477.0 124.0, 555.0 153.0, 573.0 190.0, 589.0 260.0, 584.0 298.0, 584.0 318.0, 564.0 365.0, 554.0 421.0, 526.0 477.0, 500.0 544.0, 465.0 584.0, 426.0 628.0, 388.0 657.0, 323.0 689.0, 276.0 673.0, 247.0 668.0, 214.0 647.0, 333.0 397.0, 533.0 206.0, 446.0 320.0
0150_R.jpg, 570.0 206.0, 504.0 167.0, 421.0 137.0, 283.0 135.0, 217.0 177.0, 164.0 211.0, 155.0 224.0, 150.0 238.0, 142.0 272.0, 151.0 312.0, 170.0 371.0, 202.0 440.0, 215.0 482.0, 267.0 533.0, 308.0 578.0, 373.0 619.0, 494.0 667.0, 562.0 658.0, 606.0 641.0, 650.0 606.0, 596.0 458.0, 363.0 211.0, 285.0 298.0
0152_L.jpg, 189.0 240.0, 229.0 181.0, 298.0 152.0, 363.0 120.0, 423.0 116.0, 480.0 134.0, 517.0 172.0, 548.0 219.0, 567.0 285.0, 589.0 334.0, 594.0 397.0, 594.0 456.0, 573.0 523.0, 534.0 559.0, 492.0 592.0, 453.0 654.0, 419.0 670.0, 332.0 689.0, 281.0 674.0, 249.0 622.0, 272.0 490.0, 484.0 241.0, 379.0 271.0
0160_L.jpg, 217.0 186.0, 278.0 148.0, 330.0 124.0, 386.0 109.0, 451.0 113.0, 507.0 136.0, 551.0 175.0, 570.0 215.0, 581.0 258.0, 588.0 321.0, 598.0 385.0, 586.0 451.0, 560.0 528.0, 507.0 567.0, 455.0 594.0, 413.0 633.0, 369.0 676.0, 303.0 690.0, 234.0 669.0, 201.0 620.0, 239.0 464.0, 473.0 218.0, 402.0 292.0
0163_L.jpg, 245.0 175.0, 287.0 150.0, 353.0 133.0, 404.0 119.0, 499.0 113.0, 549.0 146.0, 581.0 161.0, 604.0 191.0, 616.0 220.0, 616.0 268.0, 606.0 344.0, 599.0 411.0, 581.0 476.0, 557.0 545.0, 512.0 609.0, 434.0 646.0, 304.0 687.0, 265.0 660.0, 232.0 639.0, 186.0 609.0, 250.0 453.0, 514.0 187.0, 439.0 281.0
0166_L.jpg, 180.0 251.0, 209.0 174.0, 263.0 132.0, 315.0 119.0, 371.0 102.0, 424.0 116.0, 472.0 145.0, 515.0 182.0, 547.0 224.0, 559.0 268.0, 583.0 328.0, 588.0 392.0, 581.0 480.0, 538.0 538.0, 487.0 596.0, 433.0 637.0, 376.0 671.0, 322.0 691.0, 280.0 682.0, 262.0 649.0, 289.0 447.0, 441.0 217.0, 355.0 305.0
0169_L.jpg, 241.0 209.0, 277.0 165.0, 322.0 140.0, 360.0 121.0, 416.0 104.0, 477.0 113.0, 511.0 136.0, 546.0 153.0, 575.0 190.0, 599.0 235.0, 607.0 279.0, 619.0 343.0, 618.0 419.0, 606.0 501.0, 562.0 559.0, 496.0 622.0, 323.0 683.0, 259.0 669.0, 234.0 655.0, 202.0 628.0, 263.0 488.0, 473.0 167.0, 424.0 311.0
0200_L.jpg, 210.0 274.0, 252.0 196.0, 297.0 154.0, 357.0 130.0, 407.0 112.0, 475.0 122.0, 536.0 151.0, 592.0 210.0, 610.0 283.0, 627.0 358.0, 633.0 427.0, 604.0 503.0, 553.0 595.0, 483.0 625.0, 406.0 645.0, 348.0 658.0, 291.0 678.0, 221.0 693.0, 194.0 654.0, 169.0 627.0, 250.0 495.0, 503.0 202.0, 417.0 326.0
0231_L.jpg, 276.0 235.0, 318.0 190.0, 353.0 153.0, 410.0 114.0, 485.0 109.0, 532.0 157.0, 538.0 200.0, 546.0 231.0, 577.0 264.0, 571.0 326.0, 583.0 383.0, 577.0 449.0, 569.0 511.0, 540.0 584.0, 509.0 639.0, 476.0 650.0, 441.0 678.0, 384.0 685.0, 342.0 683.0, 299.0 643.0, 322.0 483.0, 485.0 216.0, 425.0 278.0
0246_L.jpg, 225.0 235.0, 258.0 183.0, 293.0 157.0, 342.0 124.0, 396.0 113.0, 452.0 130.0, 517.0 155.0, 553.0 196.0, 583.0 245.0, 598.0 309.0, 600.0 383.0, 579.0 454.0, 534.0 507.0, 493.0 538.0, 429.0 559.0, 379.0 590.0, 338.0 656.0, 307.0 693.0, 268.0 683.0, 239.0 652.0, 280.0 497.0, 452.0 216.0, 410.0 303.0
0270_L.jpg, 241.0 229.0, 289.0 186.0, 326.0 163.0, 373.0 130.0, 445.0 117.0, 493.0 136.0, 540.0 181.0, 567.0 225.0, 567.0 285.0, 586.0 346.0, 577.0 425.0, 555.0 497.0, 520.0 551.0, 460.0 584.0, 417.0 623.0, 371.0 656.0, 322.0 689.0, 274.0 691.0, 243.0 672.0, 225.0 625.0, 268.0 485.0, 435.0 252.0, 392.0 301.0
0284_L.jpg, 249.0 192.0, 322.0 161.0, 383.0 136.0, 441.0 118.0, 528.0 120.0, 583.0 159.0, 625.0 210.0, 614.0 264.0, 614.0 324.0, 619.0 400.0, 606.0 480.0, 561.0 543.0, 491.0 596.0, 429.0 612.0, 363.0 641.0, 311.0 666.0, 245.0 678.0, 196.0 689.0, 157.0 668.0, 142.0 643.0, 245.0 462.0, 505.0 227.0, 456.0 324.0
0289_L.jpg, 229.0 175.0, 287.0 142.0, 338.0 128.0, 384.0 124.0, 429.0 124.0, 497.0 151.0, 565.0 202.0, 590.0 270.0, 598.0 320.0, 596.0 386.0, 600.0 452.0, 583.0 525.0, 557.0 588.0, 515.0 629.0, 466.0 656.0, 422.0 682.0, 361.0 687.0, 309.0 691.0, 270.0 691.0, 225.0 691.0, 260.0 476.0, 542.0 297.0, 404.0 305.0
0289_R.jpg, 581.0 225.0, 522.0 170.0, 450.0 129.0, 359.0 116.0, 262.0 138.0, 216.0 196.0, 186.0 272.0, 202.0 350.0, 217.0 410.0, 221.0 450.0, 237.0 501.0, 258.0 550.0, 285.0 580.0, 322.0 604.0, 363.0 623.0, 396.0 637.0, 420.0 647.0, 449.0 661.0, 491.0 678.0, 544.0 691.0, 581.0 503.0, 293.0 216.0, 408.0 301.0
0298_L.jpg, 128.0 169.0, 194.0 142.0, 264.0 142.0, 338.0 120.0, 388.0 113.0, 466.0 142.0, 530.0 171.0, 559.0 206.0, 594.0 268.0, 623.0 332.0, 633.0 408.0, 614.0 486.0, 580.0 553.0, 521.0 592.0, 478.0 622.0, 423.0 651.0, 363.0 682.0, 299.0 683.0, 258.0 674.0, 227.0 627.0, 268.0 464.0, 524.0 282.0, 423.0 287.0