image_path,dist_0_19_raw,dist_4_17_raw,dist_20_21_raw,dist_0_8_raw,dist_21_22_raw,dist_0_19_norm,dist_4_17_norm,dist_20_21_norm,dist_0_8_norm,dist_21_22_norm,curvature_angle_deg,arc_length_raw,arc_length_norm,chord_arc_ratio
0001_L.jpg,356.7239829335841,572.734668061922,310.9292524031793,431.45915218013397,128.84486796143648,1.0,1.6055401247539762,0.8716241892294329,1.2095041904162196,0.361189250304556,42.87759240035668,1329.070136529947,3.725766138850824,0.2684011724655483
0001_R.jpg,400.20994490392167,590.5903825833942,369.2004875403065,399.7161492859652,141.1736519326464,1.0,1.4757014164782365,0.9225170244805895,0.9987661585519194,0.35274898520209924,50.523884153791904,1190.3435982370695,2.974297898876139,0.3362138003654098
0002_L.jpg,360.30265055922087,613.1769728226917,328.7324139782994,456.23239692069217,112.16059914247963,1.0,1.7018386400182959,0.9123785613791024,1.2662476843081227,0.3112955149466613,41.86678592181314,1354.2834818046144,3.7587386040670236,0.26604669952786336
0002_R.jpg,421.16505078175703,602.9568807137041,345.30131769224397,319.7811751807789,120.93386622447825,1.0,1.4316403500112584,0.8198717273698363,0.7592775672796409,0.2871412668263987,53.86319358140585,1190.8721404929506,2.827566385868155,0.35366101570519537
0003_L.jpg,455.80368581221455,618.2442882874051,376.64970463283254,425.47032799009617,116.46887996370532,1.0,1.3563828190325649,0.8263419457911263,0.9334508281387278,0.25552421708956746,55.61193494872108,1240.193677265333,2.7208943584020893,0.3675262131776678
0004_L.jpg,388.3632320392856,585.328967333755,350.63371201297804,392.23717314910374,153.7693077307692,1.0,1.5071688539108279,0.9028499175161593,1.0099750460142072,0.39594198174562106,47.36471633472702,1243.7054246383834,3.2024283506647047,0.3122630362026483
0004_R.jpg,441.7623795662098,590.3329568980542,373.45013053954074,442.04072210600685,148.27339613025663,1.0,1.336313330885563,0.8453642677908686,1.0006300729819284,0.33564061357115615,50.0448014364078,1247.178687967984,2.8231889940303554,0.3542093717829391
0005_R.jpg,374.03876804416944,589.0543268663765,348.28293096274473,367.03405836516043,136.12494260788506,1.0,1.5748483237352988,0.9311412632008689,0.9812727709599829,0.36393271029010116,51.11013546784147,1221.7758533001077,3.2664417640147683,0.30614352627273067
0006_L.jpg,472.64786046273395,616.1371600544801,348.5799764759875,308.3261260418909,117.38824472663352,1.0,1.303586055485931,0.7375046110115024,0.6523379281565604,0.24836300879836318,66.6427544196962,1131.5525101957628,2.3940709455194504,0.4176985656467362
0006_R.jpg,452.9514322750288,607.8453750749445,329.8787656094281,299.5413160150032,108.72442227944924,1.0,1.3419658969217372,0.7282872778490921,0.6613100095754281,0.24003549725709347,63.35569467562532,1103.6621016731551,2.4366014169108965,0.4104077068410278
0007_L.jpg,464.3619278106249,614.00325732035,347.8174808717929,342.21192264443386,122.65398485169571,1.0,1.3222515037252398,0.7490223897374272,0.7369508612773139,0.2641344552728194,64.92106947478796,1148.4487138723375,2.473175867985231,0.4043384107635857
0008_L.jpg,418.5235955116509,612.6573267333052,389.7909696234637,409.0672316380279,205.71825392998065,1.0,1.46385373083762,0.9313476559115832,0.9774054223584158,0.4915332280811724,51.055078961101735,1241.8088728643452,2.9671179502943352,0.3370273837279711
0008_R.jpg,424.2381406710151,643.8276166801172,428.4016806689722,434.8850422812907,180.24705268048075,1.0,1.5176089911712762,1.0098141576600623,1.025096521480684,0.4248723426785366,50.39320511123012,1309.2896374874,3.0862138784044824,0.3240216133422944
0009_L.jpg,404.18312681258726,593.8770916612292,372.3237838226293,380.0763081277232,148.71785366928881,1.0,1.4693267785436273,0.9211759698105098,0.9403566920891234,0.3679467147530053,51.3046728293645,1229.120882506995,3.0409999848334026,0.32883919927240113
0009_R.jpg,417.3823187438586,598.8363716408682,368.89293839812115,336.04761567373157,162.82813024781683,1.0,1.4347430275511148,0.883825025239043,0.8051314120950079,0.3901174605044591,53.07078060323975,1220.8438965259388,2.925001471552878,0.34188016988213743
0010_L.jpg,480.54240187521435,595.5518449303974,371.35562470494506,364.3871567440323,145.0,1.0,1.2393325596375744,0.7727843021881292,0.758283047077821,0.30174236328400655,59.48662387103071,1219.8874169530943,2.538563531943786,0.39392356638570986
0010_R.jpg,490.16323811563024,584.7845757199825,353.42467372836325,336.7194678066595,119.50732195141852,1.0,1.1930404613126677,0.7210346395765197,0.6869537362718885,0.24381127073268308,59.667765784069175,1176.37723902217,2.3999703518048427,0.41667181398635733
0011_L.jpg,410.6446152088202,615.5647813187496,371.87766805765574,383.4709897762802,182.70194306574848,1.0,1.4990207067630092,0.9055948971071963,0.9338269042716615,0.4449149856082765,53.64044885820507,1224.9472609141917,2.9829862989711526,0.33523452667043935
0011_R.jpg,417.6338108917907,605.2652311177308,400.4647300324961,374.4288984573707,175.72706109191037,1.0,1.4492725812244056,0.9588896291163956,0.8965483365866312,0.42076828194698396,55.796369779334974,1170.9758671711104,2.8038339728066495,0.35665449869665283
0012_L.jpg,442.3855784267837,583.6797066885227,416.5573189850348,337.5574025258519,136.82105101189657,1.0,1.3193913525938408,0.9416159551728616,0.7630388940938743,0.30928008887283587,53.53926799896787,1183.2182897469283,2.6746312435290087,0.373883316595286
0012_R.jpg,429.2936058224022,577.4322471078317,344.814442852964,263.60955976595386,159.02829936838285,1.0,1.3450753500081576,0.8032135540253376,0.6140542421100224,0.37044180768481444,63.225075111354464,1083.4291597763793,2.523748653793347,0.3962359716356617
0013_L.jpg,423.65670064333926,595.5249784853696,321.1385993617086,336.4654514210932,113.17243480636087,1.0,1.4056781766487858,0.7580160985865374,0.7941936263728562,0.267132408467762,56.184429189396205,1184.5430611838099,2.795997465365318,0.3576541153514038
0013_R.jpg,463.29796028042256,618.0784739820665,332.66199061509866,302.1009764962702,113.86395390991831,1.0,1.3340841682272013,0.7180303371371347,0.6520662778515496,0.24576830392475574,64.71860669061253,1153.7123044356554,2.490216671226747,0.4015714823350586
0014_L.jpg,508.6944072820145,653.4110497994352,325.41972896553153,403.27162062312294,120.07081243999309,1.0,1.2844864037146597,0.6397155626386167,0.7927581173495263,0.23603721747510226,64.82730066050013,1236.8519003243368,2.4314242158330632,0.41128158282218
0014_R.jpg,471.525184905324,647.6696688899365,393.55939831237674,378.3437590340298,137.17871555019022,1.0,1.3735632573262866,0.8346519144919019,0.8023829291536065,0.290925532594264,57.45543907595817,1237.1826583539223,2.6237891378004172,0.3811281880823407
0015_L.jpg,404.4749683231337,660.4619595404416,431.4313386855433,405.73143826920784,184.1140950606444,1.0,1.6328871036904336,1.066645336481921,1.003106422014898,0.45519280420230174,47.80075224580132,1326.4941353405127,3.279545680762081,0.30492028388750053
0015_R.jpg,374.0053475553525,615.3738700984954,368.2281901212888,350.56097900365353,162.28986413205232,1.0,1.645361153579283,0.9845532758506649,0.9373154188705036,0.4339239136361106,51.85760016958467,1174.7789637439705,3.1410753119515333,0.3183623124842255
0016_R.jpg,448.63570967991393,594.9327693109533,292.31831964486935,401.9564653043909,92.69843580125827,1.0,1.3260932120972209,0.6515716723785282,0.8959529003858675,0.2066229544397957,61.420883119634276,1126.4654989446158,2.510869007169113,0.3982684867847619
0017_L.jpg,565.795899596312,654.6036969037068,412.3117752381079,354.400902933387,129.98846102635417,1.0,1.1569608358257069,0.728728814634901,0.626375877213404,0.229744438089953,69.88576994886478,1175.8288532576735,2.078185533151817,0.48118899109233065
0017_R.jpg,493.0395521659495,581.5917812349139,293.4655005277452,303.1517771678075,88.83692925805124,1.0,1.1796047166600523,0.5952169541744375,0.6148629979806799,0.18018215550412903,69.8460394209723,1064.0862379293135,2.158216786573663,0.4633454832809348
0018_L.jpg,411.82156330138906,581.936422644261,365.2177432710519,334.7416914577567,142.13022197970423,1.0,1.4130790480691136,0.8868349203069038,0.8128318701290977,0.34512574047922573,60.0963696009363,1097.6812684550798,2.665429317628394,0.375174082984037
0018_R.jpg,381.25713108084943,556.8213357981176,310.6976021793538,299.7365509910328,145.91093173576817,1.0,1.4604876614885873,0.8149292874825395,0.7861795270328219,0.38271003960533473,59.400267063660195,1075.6278144116066,2.8212660871738784,0.3544507923397332
0019_L.jpg,448.19750110860724,634.6794466500393,367.6098475285993,443.1986010808247,163.59095329510126,1.0,1.4160709175757848,0.82019611135565,0.9888466579679318,0.3649974685054299,54.97024658166914,1266.1991645436146,2.825091977112093,0.3539707762089342
0019_R.jpg,400.0049999687504,599.2003004004588,370.48751665879377,390.4663877979768,148.03040228277433,1.0,1.497982026342846,0.9262072141291668,0.9761537676491074,0.3700713798435993,54.304745819583445,1179.5281161737264,2.948783430871801,0.33912290388323035
0020_L.jpg,412.16744170300495,603.918040796928,370.06080581439585,376.3787985527346,118.51160280748886,1.0,1.465225002493265,0.8978409461100767,0.9131696501732456,0.28753266468069216,51.76084536827566,1245.3959911083043,3.0215777984853496,0.33095292151712197
0020_R.jpg,436.58905162635494,587.9863944004147,369.8175225702536,324.7768464653846,165.55663683464942,1.0,1.3467731089684536,0.8470609173377845,0.7438959938540504,0.37920473776868185,57.76556578105861,1179.344525595493,2.701269125284454,0.37019636090302416
0021_L.jpg,445.5490994267635,599.503961621606,265.9567634033773,312.4243908532111,65.92419889539804,1.0,1.3455396103211035,0.5969190909499157,0.7012120353405975,0.14796169261752537,63.926867480875835,1098.5401577817333,2.4655872028360015,0.4055828967840871
0021_R.jpg,434.83560111839967,584.1035867035914,337.33662712489433,359.21302871694394,97.20082304178294,1.0,1.3432745276634976,0.7757796883632863,0.8260892801625395,0.22353464801819783,61.939658144922696,1102.308802430193,2.5350012731134446,0.3944771194421601
0022_L.jpg,406.76897620147975,578.7270513808734,371.7109091753967,382.4787575800779,136.60527076214885,1.0,1.4227413722284952,0.9138133213760181,0.9402849773642263,0.3358301118187683,55.19660773757342,1151.0315196237304,2.8296934795086353,0.35339516708843177
0022_R.jpg,403.5145598364451,613.5552134893811,399.50594488693156,442.7064490155977,135.07405376311175,1.0,1.5205280665413188,0.9900657489257927,1.0971263321825069,0.334743940386837,49.66653567851822,1271.3512145382733,3.1506947730797745,0.31739031293802844
0023_L.jpg,514.058362445355,640.7846752224963,394.58839313897715,384.17834400184506,138.4629914453678,1.0,1.24652125524096,0.7675945417207806,0.7473438272151125,0.2693526680252898,66.44710151110817,1181.9836844089182,2.299318075064997,0.4349115552321886
0023_R.jpg,450.73495537843525,651.2180894293401,383.15793088490284,328.1539272963223,134.33167906342868,1.0,1.4447916267833723,0.8500736992168824,0.7280418866577711,0.29802809269728003,54.909592464792745,1225.982200049422,2.719962553204005,0.3676521203654222
0024_L.jpg,435.86351074619677,638.6556192503124,322.9133010577297,369.5456670020635,102.44998779892558,1.0,1.4652651655949274,0.7408587621957693,0.847847222561491,0.23505061853774262,59.47067599427747,1224.6172065073938,2.809634613392742,0.35591816645242047
0024_R.jpg,439.54749458960634,626.4630874999739,387.7653929891114,386.84622267769396,154.12008305214476,1.0,1.425245497269608,0.8821922494431631,0.880101075400013,0.3506335150335518,52.06048956037262,1291.5298046655796,2.938316838482827,0.3403308951924806
0025_L.jpg,389.9358921669048,605.8258825768341,351.6546601425893,422.33872661644466,119.86659251017358,1.0,1.5536550872765558,0.9018268572005935,1.0830978504427349,0.3074007674545305,49.569189800247706,1232.3209377853702,3.1603167662696157,0.3164239770750522
0025_R.jpg,435.71779858068686,601.5746005276486,372.03494459526246,352.8526604689272,132.23085872821065,1.0,1.3806518863521893,0.8538438085548357,0.8098192491064499,0.3034782126388714,59.67114008937854,1124.6481638434134,2.5811389103379705,0.38742587467679585
0026_L.jpg,425.54083235337123,623.6160677853001,318.0251562376788,409.8487525905136,116.0775602776006,1.0,1.465467048923395,0.7473434558063493,0.9631243853237875,0.272776550338674,53.795274405948476,1250.9690409137593,2.9397156413769205,0.3401689557741083
0026_R.jpg,444.08332551448046,634.6227225682989,385.4400083022,405.7647101461634,143.5339681051144,1.0,1.4290622640088417,0.8679452394562645,0.9137130057204375,0.3232140453344586,54.20769288805673,1247.9287198217314,2.8101228938870384,0.3558563229299815
0027_L.jpg,507.38249871275616,619.8790204547981,302.3789013803708,365.20268345125834,85.60373823613078,1.0,1.2217193577378977,0.5959584773765644,0.7197778488177813,0.16871637956238125,67.96955311264207,1171.027272820689,2.3079772672325483,0.43327983087072647
0027_R.jpg,487.19811165479695,610.0770443148964,342.2528305215313,356.7702341844117,122.96747537458837,1.0,1.252215535570805,0.7024921122108817,0.7322898542702079,0.25239727419493097,67.27068856349126,1148.2310030472247,2.35680511803954,0.4243032197892669
0028_L.jpg,491.6360442441136,604.2060906677456,304.8622639816217,351.4327816240255,97.04638066409278,1.0,1.2289702875563315,0.6200974634606886,0.7148230601447266,0.19739476346430376,71.03118661573916,1062.163354119775,2.1604668057909433,0.46286293189952604
0029_L.jpg,518.6106439324207,625.3143209618663,376.03324321128844,487.01745348601213,132.01893803541975,1.0,1.2057491073078517,0.7250781440966505,0.9390810990556426,0.2545627236540539,57.909744668844574,1300.1177965042327,2.5069246297105483,0.39889511960136625
0029_R.jpg,434.1082814229648,601.6419200820368,311.1334118991401,385.75251133336775,116.81181447096864,1.0,1.385925921776735,0.716718443793044,0.8886089665668401,0.26908451063884536,52.93671530620124,1252.2199398224166,2.884579708357005,0.34667095421314553
0030_L.jpg,491.5221256464453,647.7507236584148,361.88395930187346,392.3187479588504,155.05160431288675,1.0,1.3178465217745774,0.7362516159896709,0.7981710842474821,0.31545193231935253,60.51446969673072,1219.365137243561,2.4807939940442427,0.4030967514435888
0030_R.jpg,511.0792502146805,437.8869717175883,315.01745983357813,434.43871834816935,186.53149868051776,1.0,0.8567887886930501,0.6163769311731088,0.8500417854289368,0.3649756835210285,68.79648508004905,1089.4438633580878,2.131653482117428,0.4691193988089816
0061_R.jpg,350.3426893771297,583.8433008950261,408.0245090677765,385.0831079130841,156.01602481796542,1.0,1.6664920336514928,1.1646439941224365,1.0991612486554778,0.44532404856326396,51.75735830053258,1138.2163628852998,3.248865746018339,0.30779973017523243
0070_L.jpg,416.16342943608106,637.125576319143,436.734473106944,389.96666524204346,153.68799562750502,1.0,1.5309504181625833,1.0494302050969198,0.9370517389537679,0.3692972153650279,50.196816472294294,1288.6480859158703,3.0964952582739973,0.322945755310927
0071_L.jpg,416.47208790025775,638.3510006258313,397.6443134259561,317.2270480271189,189.52836199366047,1.0,1.5327581827733723,0.9547922297284644,0.761700621106432,0.4550805864306835,59.196845612233254,1227.8945921870875,2.9483238561743903,0.3391757652083561
0071_R.jpg,459.0642656535139,658.729838401146,402.8163353192122,373.26800023575555,152.74161188098023,1.0,1.434940350809908,0.8774726448066517,0.8131061992036764,0.33272381082317654,58.67080253325962,1249.8206647236439,2.7225396490934144,0.3673041089899251
0075_R.jpg,436.4401448079679,648.1674166448048,360.3248534309006,371.35562470494506,122.494897852931,1.0,1.485123273730917,0.8255997018547463,0.8508741212803423,0.2806682641598616,58.474041509846835,1225.2589483861466,2.8073928646624755,0.3562023728803012
0082_L.jpg,395.4592267225535,604.12581471081,350.3726587506508,359.07102361510596,139.31618714277246,1.0,1.5276563900597846,0.8859893386593441,0.9079849434566947,0.3522896362727022,46.32597624886001,1301.9709725617286,3.292301417144999,0.30373889668558196
0082_R.jpg,383.06396332727513,603.8418667167755,354.5715724645731,375.13330963805384,103.40696301506973,1.0,1.5763473584720267,0.9256197565147645,0.9792967899659993,0.2699469877481605,57.175734824741376,1180.5130294092912,3.081764776710949,0.3244893989174807
0083_L.jpg,458.34484834019895,564.797308775458,377.5778065511796,431.9085551363853,138.06158046321215,1.0,1.2322540786064349,0.8237854268865452,0.9423222639033749,0.3012176987767477,58.85928608218639,1185.6147014425185,2.5867307241173907,0.38658836448513845
0088_L.jpg,379.0052770081177,623.8789946776538,453.0452516029718,448.7594010157336,179.6941846582688,1.0,1.6460958000442072,1.1953534134915709,1.1840452580456338,0.4741205348822097,51.63550623078407,1261.877082505125,3.329444625326675,0.30035039249282697
0094_L.jpg,400.6607043372235,596.751204439505,370.563085047607,358.05027579936313,173.44163283364233,1.0,1.489417849016804,0.9248800319976369,0.8936495940914723,0.4328890528971416,54.839412174573674,1209.3568955146136,3.018406553033801,0.33130063244624874
0097_L.jpg,389.6074947944405,576.6012486979195,389.1015291668744,335.538373364359,162.5423021862309,1.0,1.4799542010918914,0.9987013452402063,0.8612215572017968,0.41719500871508974,52.17705571305748,1103.642673284565,2.8327039084986136,0.3530195997540804
0097_R.jpg,359.4801802603309,564.309312345632,376.09041466115565,364.9273900380732,166.6043216726385,1.0,1.5697925597371363,1.0462062592402057,1.015153018377251,0.4634589911243112,53.035437878392926,1175.772189391707,3.2707566479471217,0.3057396522078909
0100_L.jpg,426.27925119573905,625.8154680095404,229.8978033822855,401.6590594023742,163.0245380303223,1.0,1.4680880344377312,0.5393126752883427,0.9422439827312643,0.38243601482602924,48.10018899226739,1282.7869177789962,3.0092642655740374,0.3323071394692694
0100_R.jpg,321.024921150991,535.6276691882151,142.88806808127822,267.0468123756582,134.8332303254654,1.0,1.6684924873364824,0.44509961273091375,0.8318569518472221,0.4200086081854308,58.65521420344976,1029.8972787889436,3.2081536694920367,0.3117057669367612
0102_L.jpg,498.5067702649584,611.5815562948248,358.74503480884584,285.4277491765648,150.8409758653132,1.0,1.2268269816471433,0.7196392430501423,0.5725654418391526,0.3025856113952888,67.53473208452075,1075.4109915090805,2.157264566211398,0.46355000478972613
0102_R.jpg,435.332057170156,643.5899315558005,397.7700340649104,332.0557182160849,86.05230967266364,1.0,1.47838855640315,0.9137163861779103,0.7627642227282518,0.19767050979898043,57.11531087268123,1207.5400586612855,2.773836750068007,0.360511482867722
0103_L.jpg,388.2782507429434,648.1242164894011,420.0309512405008,369.8175225702536,137.64083696345355,1.0,1.6692261677012825,1.0817782104374913,0.9524549002233154,0.35449020567102946,41.628685458847286,1404.0620545851698,3.6161233648771076,0.2765392380450451
0103_R.jpg,406.5919330237628,593.1778822579278,376.6337743750552,363.1707587347858,128.84486796143648,1.0,1.4589022409927157,0.9263188562893678,0.8932069951165527,0.3168898777780382,62.76426508472842,1145.6822468587784,2.817769251688081,0.35489066374079986
0104_L.jpg,313.1549137407874,580.4972006823117,410.11339895204594,390.4779123074697,102.1420579389313,1.0,1.8537061856957344,1.3096182782286327,1.2469161273665534,0.3261710209774289,42.30200185810302,1313.8836479393235,4.195634781023698,0.2383429569520369
0104_R.jpg,382.0052355662158,555.0792736177419,301.09466949781756,325.96012026013244,86.76981041814025,1.0,1.4530671884509445,0.7881951383507324,0.8532870492651439,0.22714298742405534,59.36433718737771,1101.307761568362,2.88296509846516,0.3468651079169784
0105_L.jpg,361.178626167164,573.0828910375881,372.61374102413345,343.21130517510636,129.40247292845683,1.0,1.5867021177835385,1.0316605525036715,0.9502536426844321,0.35827832422333206,48.84336382501517,1206.7328518736438,3.341097076201659,0.29930288680413153
0105_R.jpg,333.15011631395237,572.982547727241,353.0,331.6458954969894,109.20164833920778,1.0,1.7198929841803703,1.0595824005876726,0.9954848557953213,0.3277851124515258,46.26625399036588,1169.8467415992868,3.5114703081683825,0.2847809926439645
0106_L.jpg,417.5547868244358,611.3362413598592,341.69577111811026,277.5968299530814,96.21330469326995,1.0,1.4640862963376835,0.8183255991788665,0.6648153457040816,0.2304207920234515,60.67907136553907,1097.041049210765,2.6272984619669195,0.3806191091252544
0106_R.jpg,420.5948168962618,629.9468231525578,319.631037291437,300.9119472536775,85.88364221433555,1.0,1.4977522257672802,0.7599500147199219,0.7154437838160435,0.2041956742313314,57.18127188999317,1211.8597819510173,2.881299847900689,0.3470655790054612
0107_L.jpg,454.059467470947,629.2217415188385,358.235955761004,322.3553939365681,80.77747210701756,1.0,1.3857694566386267,0.7889626390929195,0.7099409152991485,0.17790064494621755,63.22951610593508,1133.4834088012808,2.4963325070934825,0.4005876609620066
0107_R.jpg,447.3846219976721,627.9530237207239,364.4859393721519,300.8072472531205,100.41912168506553,1.0,1.4036088699624354,0.8147037726612973,0.6723683212667192,0.22445814350227722,63.52908903966255,1131.6725462492957,2.5295293816674462,0.3953304544503088
0108_L.jpg,354.1934499676695,622.4034061603455,384.5958918137322,457.4986338777418,114.73883387938018,1.0,1.7572414346373657,1.0858356975512613,1.291663168586268,0.32394397437291245,43.281101698389804,1346.4263754161445,3.801386997808811,0.26306187730331543
0108_R.jpg,429.1619740843776,578.6622503671723,359.0891254271006,345.16228067388823,101.59724405711013,1.0,1.3483539672911502,0.8367216741260026,0.8042704189025512,0.23673403095385864,62.071364799165245,1116.4890738685376,2.6015563849769796,0.384385287889445
0109_L.jpg,405.43433500383264,624.8919906671872,422.6405091800832,363.1927862719743,109.60383204979651,1.0,1.5412902576721332,1.0424388678775514,0.8958116146441839,0.27033682790768176,50.709965215608314,1204.9397596159001,2.971972661379332,0.3364768502062488
0109_R.jpg,425.6594883237069,622.5961773091768,320.35605191723783,339.91175325369375,94.847245611035,1.0,1.4626625140227179,0.752611091036252,0.7985532158399734,0.22282422502680185,61.49282431233177,1160.2145779980037,2.7256871039502824,0.3668799689262647
0110_L.jpg,374.0120318920235,594.5418404115895,393.1373805681673,349.4524288082714,136.49908424601244,1.0,1.589632925454207,1.0511356508489687,0.934334724582223,0.36495907245417025,48.31752747872431,1227.8971075199574,3.2830417281186524,0.3045955802008798
0110_R.jpg,361.56603822815,591.0913634963719,398.3779612378175,390.1550973651376,159.80613254815975,1.0,1.6348088620076375,1.101812446738814,1.0790700898709622,0.44198324967490804,45.535058964762534,1271.3838697231097,3.516325471146325,0.28438778156505495
0111_L.jpg,380.9002494092121,592.4567494762804,240.08540147205952,384.3982310052948,119.63277142990545,1.0,1.5554118181733902,0.6303104338850901,1.0091834584028447,0.3140790052394545,52.49210030291187,1221.9672579200758,3.2081030658693037,0.31171068368684995
0111_R.jpg,359.2213802100315,575.7820768311567,354.9704213029587,330.31046002208285,89.87213138676528,1.0,1.6028613789482835,0.98816618625376,0.9195178188696762,0.2501859197083936,43.091073308319096,1195.712503032717,3.328622874099535,0.3004245412663403
0112_L.jpg,411.0960958218893,610.0467195223657,317.4476334767673,331.6654941352808,118.10588469674151,1.0,1.483951625234294,0.7721981227822315,0.8067833713482347,0.2872950774699447,45.487165376536844,1232.5635105852896,2.9982369648173637,0.3335293413210635
0112_R.jpg,375.6820464169136,599.0008347239593,220.3678742466787,283.21370023358685,161.38463371709216,1.0,1.594435615001994,0.5865807971087477,0.7538654107502655,0.4295777114086399,56.18409776827728,1069.1437289578266,2.8458738956381833,0.3513859140184254
0113_L.jpg,448.20642565675024,617.4827932825335,299.7749155616594,452.76594394896796,123.97580409095961,1.0,1.3776750129758741,0.6688322576420087,1.0101728088470323,0.27660425418778795,51.304917661606446,1288.0679272612538,2.8738274454094825,0.3479680039931949
0113_R.jpg,430.37657928841804,631.9058474171608,254.44842306447882,354.9492921531187,157.09869509324386,1.0,1.4682626281893638,0.5912227461010593,0.8247411900061793,0.36502612515065264,50.435022068296156,1233.7587274596785,2.8666957888358318,0.3488336655373192
0114_R.jpg,327.2201094064972,576.2377981354573,350.0185709358862,329.05470669783773,118.84864324004712,1.0,1.7610097349475906,1.0696731676141182,1.0056066153595147,0.3632070273908639,46.23022480448659,1179.8061020049865,3.605542777138258,0.27735075183151936
0115_L.jpg,473.7108822900314,609.4989745684566,268.26293072282647,395.4099138868422,140.13208055259867,1.0,1.286647610082321,0.566300967007512,0.8347072627408016,0.29581773565168434,57.734118611660925,1191.5332245348527,2.5153173994540654,0.39756414050053646
0115_R.jpg,439.48265039703216,582.2782839845567,348.3231258472512,366.7492331280326,68.24221567329127,1.0,1.3249175671861488,0.7925753736411968,0.8345021875077625,0.15527852035032716,61.02841867960212,1140.6729912971546,2.595490380033572,0.3852836472416689
0116_L.jpg,411.7535670762307,605.9570941906695,240.7072911234722,363.6289317422364,112.0044641967453,1.0,1.4716498960614581,0.5845906638591633,0.8831227239250979,0.2720182000900776,49.727017936442905,1268.8076244793058,3.081473303288719,0.32452009203933213
0116_R.jpg,333.0,549.8672567083805,342.6601815209932,344.4894773429226,78.39005038906404,1.0,1.6512530231482898,1.0290095541170967,1.0345029349637316,0.23540555672391605,50.142818171135715,1124.790843916767,3.3777502820323333,0.29605504152258333
0117_L.jpg,376.19675703014775,563.4483117376429,330.2377931127811,301.8774585821207,84.29116205154607,1.0,1.4977489869549545,0.8778326419393254,0.8024456695620287,0.22406137340729687,49.39981993031978,1145.507577112967,3.0449693031808036,0.32841053568434686
0117_R.jpg,390.2332635744934,594.094268613997,378.1904282236662,400.48470632472345,103.9471019317037,1.0,1.5224080673496652,0.9691393930888511,1.0262700382236203,0.26637171054963327,52.42799199715583,1212.3325037807278,3.1066867357126267,0.32188633263360406
0118_L.jpg,329.4389169481954,584.3919917315774,376.8978641488964,482.5567324159927,93.43446901438462,1.0,1.7739009014028344,1.144059929653557,1.464783629348427,0.28361697482473597,41.223786168078206,1342.3864038622035,4.074765714681168,0.24541288260992583
0118_R.jpg,408.27074350239695,610.5489333378612,343.7513636336589,338.11980125393427,111.75866856758807,1.0,1.4954511021294297,0.8419691322595119,0.8281754366069318,0.2737366572212685,55.11405724775457,1184.7112237148124,2.901778397226391,0.3446162535898092
0119_L.jpg,413.2045498297423,536.2023871636529,226.71568097509268,332.12196554880256,89.0,1.0,1.2976681582634821,0.548676632598816,0.8037713178270928,0.21538969025552054,55.72115434264164,1165.8441958026167,2.821469890113731,0.3544251893326747
0119_R.jpg,419.80233443848306,578.4617532732825,338.07247743642193,379.38107491017524,110.11357772772621,1.0,1.3779383910454388,0.8053134766118418,0.9037135903915964,0.2622986312713371,56.552979436527366,1340.2168011014137,3.192494874746358,0.3132346453898221
0120_L.jpg,288.5307609250702,593.7760520600339,226.89645215384044,369.0,148.51935900750448,1.0,2.0579298032428306,0.7863856575513076,1.2788931024786894,0.5147435875860533,40.0211637363376,1351.1203522762646,4.682760160283718,0.21354926705010072
0120_R.jpg,382.04711751301045,608.4118670769004,405.0,391.52011442581085,135.28118864054971,1.0,1.5925047963650223,1.0600786694489532,1.024795362871643,0.35409556161863404,50.24739012182202,1243.4739640763855,3.254765988475334,0.3072417505715798
0121_L.jpg,366.0054644400818,558.3484575066004,346.5544690232691,321.69706246716026,102.9417310909429,1.0,1.5255194573686666,0.9468559972278857,0.8789405998604285,0.28125736113919503,48.84793513061952,1125.5621122947518,3.0752604036025692,0.32517571482029034
0121_R.jpg,389.12851347594665,566.4282831921442,89.47066558375433,365.7758876689386,238.8242031285774,1.0,1.4556329427839707,0.2299257507103365,0.9399873692153593,0.6137412059456803,59.00196028307967,1105.1937593621344,2.840176756747614,0.3520907625288558
0122_L.jpg,328.12345237730267,566.0477011701399,319.924991208877,318.45407832213425,109.59014554237986,1.0,1.7251058925201508,0.9750140957343139,0.970531292459858,0.3339905902744322,46.19912026348803,1185.7323677391169,3.6136775934432954,0.27672640243679
0122_R.jpg,400.0,619.0516941257814,413.4017416509031,423.2316150761897,134.71822445385777,1.0,1.5476292353144536,1.0335043541272577,1.0580790376904743,0.33679556113464443,43.932961308650896,1350.9454590589637,3.3773636476474094,0.2960889333597749
0123_L.jpg,352.88666735936624,570.1973342624464,363.92993831230757,304.32219767871027,149.96666296213968,1.0,1.6158086632436564,1.0312941008385994,0.8623794147734128,0.42497117866292006,40.65455288888486,1126.9035945212154,3.1933867123793034,0.31314716633706036
0123_R.jpg,379.3098996862592,569.5059262202633,381.81147180251145,380.4339627320358,159.2262541165872,1.0,1.5014264765863534,1.0065950615006922,1.0029634424166265,0.419778798940626,49.14245235775247,1214.651180468265,3.2022659610860313,0.3122788713217485
0124_L.jpg,314.8412298286233,559.4640292279746,225.1443981093023,395.56668211567063,165.8010856418015,1.0,1.7769719344969723,0.7151045567693106,1.256400511238596,0.5266180853506752,42.65834305120346,1288.8294164594658,4.0935852561654995,0.24428463985057183
0124_R.jpg,311.20732639190874,554.1164137615849,370.0283772901749,398.08039389048037,96.42613753542138,1.0,1.7805378176212232,1.1890092099701786,1.2791485293928166,0.30984533254204394,39.48661279269209,1294.3666966949752,4.159178100662569,0.2404321180284867
0125_L.jpg,428.0747598258977,571.7429492350561,397.0201506221063,369.34672057566723,115.27792503337315,1.0,1.3356147170825716,0.9274551734458215,0.8628089185306891,0.2692939081020751,55.6640653350019,1121.8927966245803,2.6207870725217846,0.3815647636867256
0125_R.jpg,415.8966217703626,577.556923601475,401.01122178811903,369.0758729583932,148.64723340849636,1.0,1.3887030895874244,0.9642088942226068,0.8874221468482582,0.35741389957856395,52.665900771445834,1177.3019194755698,2.8307561491221183,0.353262502073915
0126_L.jpg,351.1182137115647,571.8408869606999,262.5204753919206,337.2135821701137,113.86395390991831,1.0,1.6286278086116424,0.7476697737120951,0.960399002391618,0.3242895112341135,46.80083699751521,1168.5095435225985,3.3279661888531407,0.30048382202603224
0126_R.jpg,347.86779097812433,532.8508234018223,369.8715993422582,340.2381518877623,92.09777413162601,1.0,1.531762460397866,1.063253365027743,0.9780674173113031,0.26474935742877553,45.157181615645406,1137.059796040209,3.268655004946155,0.3059362332478625
0127_L.jpg,438.3811127318329,606.601186942459,358.42014452315595,321.8850726579286,86.83317338436964,1.0,1.3837302048948672,0.8175994223145494,0.7342585328370034,0.19807690354918953,56.55476698915316,1156.168408606675,2.6373590810102443,0.37916717795475485
0127_R.jpg,257.87012234844116,558.9892664443566,315.41718405946114,454.2972595118751,82.87943049997388,1.0,2.167716295915178,1.2231629674152822,1.7617289485674352,0.32139989598323815,33.380823679156215,1317.829266457064,5.110437977286788,0.1956779447171602
0129_L.jpg,333.0135132393279,562.682859166689,332.5552585661517,370.04864545083797,129.29423807734048,1.0,1.6896697485134902,0.9986239156822238,1.111212100227578,0.3882552297042077,48.255155871112535,1205.0571150093829,3.6186432895392464,0.2763466636489964
0129_R.jpg,366.9223351064909,600.100824861956,323.21045775160184,336.0862984413378,68.76772498781678,1.0,1.6354982170485488,0.8808688565055527,0.9159603171711975,0.1874176587474799,50.474555051837896,1165.614584852173,3.1767338025739966,0.31478873023283693
0130_L.jpg,335.538373364359,554.505184826977,346.6208303030849,363.6550563377333,95.69221493935649,1.0,1.6525835160583655,1.0330288808031252,1.0837957301022096,0.28519007820141307,44.26444674790619,1197.9043579716638,3.5700964571073572,0.28010447673176936
0130_R.jpg,360.4511062543712,579.1804554713497,365.7157366042648,396.77323498441774,128.22246293064254,1.0,1.6068211344664889,1.0146056712229323,1.100768531708747,0.3557277553204557,45.659510237686554,1219.8673198673503,3.3842795838348376,0.29548386155108003
0131_L.jpg,401.2879265564814,581.5909215247432,376.19808611953357,346.3596396810691,121.49485585818027,1.0,1.449310789176918,0.9374767124138322,0.8631200112428971,0.30276230062725257,42.74630571332457,1235.334024426563,3.078423103897419,0.324841636854257
0131_R.jpg,509.9215625956604,582.6843056063892,365.4654566439898,373.81546249453083,107.01868995647442,1.0,1.1426939912882752,0.7167091636283357,0.7330842425876111,0.20987284674081202,59.77294779951021,1192.4492183106063,2.338495380035836,0.42762539046995063
0132_L.jpg,411.2468844866791,566.1978452802518,350.202798389733,359.23529893372114,74.27651041883968,1.0,1.3767833061811119,0.8515634077735525,0.8735271013228972,0.18061294375895898,55.706711261320386,1126.937169606995,2.7402935125299366,0.36492441244980517
0132_R.jpg,379.7696670351649,614.6543744251724,350.3855019831728,428.08527187933015,85.492689745966,1.0,1.618492543714025,0.9226263506472431,1.1272234436766944,0.225117214898708,45.737402125202586,1270.0759910766865,3.344332371229331,0.29901334227507226
0133_L.jpg,452.3560544526844,588.6340119293142,373.3630940518894,284.2534080710379,67.67569726275453,1.0,1.3012625920117626,0.8253743713094095,0.6283842236066949,0.1496071437457311,56.1048077712737,1072.2087954925858,2.3702762125951313,0.42189175872677537
0133_R.jpg,368.66515973170016,571.3160246308518,328.64114167279786,328.3900120283807,96.89685237405806,1.0,1.549688137188317,0.8914353119561659,0.8907541256878461,0.26283159614153867,54.869309850293895,1117.3150978044898,3.030704335114355,0.3299563036927744
0134_L.jpg,400.6607043372235,555.4070579313878,310.80057915003954,334.8611652610676,114.0,1.0,1.3862279278177458,0.775720143716536,0.8357724170005589,0.28453002444694403,55.694491712551,1163.760833293041,2.904604371467236,0.3442809663936637
0134_R.jpg,440.1647418864896,573.846669416143,347.1166950753017,350.06999300139967,92.0869154657707,1.0,1.3037088499108533,0.7886063149619938,0.7953158435658536,0.20921011317512167,62.4917003121917,1111.6375258989826,2.525503340259937,0.39596067209995256
0135_R.jpg,313.0063897111367,554.6097727231282,345.70073763299956,346.5082971589569,132.80060240827223,1.0,1.7718800348930874,1.1044526533532921,1.1070326630671599,0.42427441347388956,36.616086993211695,1228.6860754505021,3.925434482613649,0.254748870329935
0136_L.jpg,322.4686031228467,570.2674810998783,377.60429022986483,378.33847279915904,167.83920876839238,1.0,1.7684434254290204,1.170980016575486,1.1732567733269472,0.5204823264745959,42.28060344170328,1295.8342144482351,4.018481805357584,0.2488501997612044
0136_R.jpg,398.94360503710294,623.4388502491644,375.479693192588,397.15991741362825,161.13658802394943,1.0,1.5627242607164558,0.9411848904249694,0.9955289730153494,0.40390818649408666,47.26385128494688,1251.3460693156474,3.136649023862078,0.3188115700521459
0137_L.jpg,491.9349550499537,603.431851993247,412.6451259859978,312.79546032511405,108.18964830333815,1.0,1.2266496734959023,0.8388205020805964,0.6358471930366305,0.21992673460732626,57.64791807831925,1186.345508751196,2.4115901839720415,0.414664152577092
0137_R.jpg,410.7614879708174,595.8968031463166,378.38208202820596,388.8045781623462,115.25623627379127,1.0,1.4507124465102048,0.9211722449868235,0.9465458411962148,0.2805916320031922,51.49815359952574,1206.8468160062014,2.9380719744883725,0.3403592589572749
0138_R.jpg,356.95657999258117,566.8244878266993,321.40317359976393,334.4263745579885,99.76472322419383,1.0,1.587936795669882,0.9003985123525216,0.9368825042108456,0.2794869987444055,48.9104770625075,1112.5192557016767,3.1166795012569843,0.32085429367911944
0139_L.jpg,451.896005735833,615.2276001611111,370.77890986408596,338.7816405887427,108.16653826391968,1.0,1.3614362427464288,0.820496099009191,0.7496893893476586,0.23936157189039442,49.13309046447435,1204.9582006680173,2.66645021282265,0.37503044129274044
0139_R.jpg,432.53901558125364,535.8180661381249,290.69055712217414,351.48399679075004,86.53323061113575,1.0,1.2387739529533146,0.6720562692628756,0.8126064565954116,0.20005878659258253,58.45535587695286,1116.9664677751632,2.582348476181192,0.38724440532472676
0140_L.jpg,408.5156055770697,605.8663218895732,338.4154251803543,381.4302033137911,138.81282361511128,1.0,1.4830922334869572,0.8284026866055905,0.9336979985745765,0.339798092704498,49.6868086533944,1209.7459471283958,2.961321258265047,0.3376871040955115
0140_R.jpg,401.00124688085447,580.4524097632811,348.0,348.66172717979816,104.7377677822093,1.0,1.4475077428767826,0.8678277254918307,0.8694779128290157,0.26119062869978804,60.521900477770544,1104.01583787313,2.753148142208035,0.3632205563765981
0141_L.jpg,430.9477926617098,557.0439839007329,316.39374203672236,385.5930497298933,106.7941945987702,1.0,1.2926020120910735,0.7341811407886445,0.8947558295827738,0.24781237174731907,67.70731780827613,1028.2354802076213,2.3859861860686618,0.419113910147015
0141_R.jpg,386.8087382673768,563.3125242704976,394.9696190848101,285.0491185743257,139.4596715900335,1.0,1.4563076490818954,1.021097974296,0.7369252304152679,0.36053909282068425,52.25933275500903,1079.4449973979345,2.7906427404744445,0.35834038714320965
0142_L.jpg,450.05888503616944,568.4100632465967,347.04754717473514,341.4703501037828,70.9365914038728,1.0,1.262968207373388,0.7711158666423046,0.7587237169561494,0.15761624481243583,61.817259760865014,1058.8274440929997,2.352642019294666,0.42505404213591536
0142_R.jpg,424.00117924364315,547.0082266291797,316.62280397975127,335.59052430007614,88.0056816347672,1.0,1.2901101539504285,0.7467498192919194,0.7914848843079191,0.20755999262020125,62.56540353792405,1057.437902518539,2.493950380998599,0.4009702869868612
0143_L.jpg,399.0839510679426,609.3972431837873,390.58545799863055,336.92877585626314,108.25894882179486,1.0,1.5269901020901728,0.9787049991697981,0.844255387756503,0.2712686103565316,45.82077983298635,1177.2759270948234,2.9499455539228046,0.3389893073349138
0143_R.jpg,405.7893542221136,567.5649742540496,313.31294259892934,295.11523173160685,70.60453243241541,1.0,1.3986689605055194,0.7721073491431069,0.7272621340629651,0.1739930624049077,62.63255716591486,1051.0913019739196,2.590238731099368,0.38606480089793604
0144_L.jpg,415.3937890724896,596.5986925899184,375.7938264527506,370.4726710568541,152.80052355931247,1.0,1.4362243930561203,0.9046688620256946,0.8918589560139129,0.36784498848789365,45.59904150554125,1212.7478815248,2.9195137564109457,0.34252279092849114
0144_R.jpg,371.16168983342016,569.5507001136949,305.6550343115585,300.5328601001894,87.36704184073076,1.0,1.534508317303203,0.823509113908654,0.809708728923695,0.23538809158871346,60.42874174589627,1067.422801311527,2.875897029649244,0.34771759548079645
0145_L.jpg,409.76578676116924,592.5175102897804,330.39370454050726,332.28000240760804,208.24024587000469,1.0,1.4459906840273304,0.8062989034589074,0.8109022596395449,0.5081933450714783,44.182481721329474,1256.0699812881858,3.0653363991569225,0.3262284688476723
0145_R.jpg,426.01056324931665,550.0,343.3846240005513,350.202798389733,132.09466302617983,1.0,1.291047798920705,0.8060472054529557,0.8220519127944295,0.31007367990749396,57.00593717733376,1137.5643493869866,2.670272635284969,0.37449359544265454
0146_L.jpg,432.1261389918458,594.461941590881,354.6110545372211,295.14742079171214,125.7179382586272,1.0,1.3756676302381663,0.8206193112143874,0.6830121905615193,0.2909287981327126,52.686497318855814,1166.3132865709556,2.699011194490514,0.3705060586785627
0146_R.jpg,318.8510624100224,502.62709835423715,293.15695454824197,295.2558212804618,72.00694410957877,1.0,1.5763695267475395,0.9194165838195031,0.9259991766964271,0.22583253624848323,53.6804695117467,1020.3487663579162,3.200079556409983,0.31249223101248536
0147_L.jpg,378.6990889875496,574.6042116100438,357.49405589464004,401.52833025827704,137.05838172107534,1.0,1.517310783995403,0.9440055872603202,1.0602833276725363,0.36191896338462376,47.33128141516538,1243.15855282645,3.282708062884516,0.30462654029651964
0147_R.jpg,332.01505989939676,568.8532323895154,365.301245549478,350.1385440079398,247.70345173210646,1.0,1.7133356317086414,1.100255047648041,1.0545863314574784,0.746060891958222,45.03243462971569,1203.2039552646709,3.6239439127527873,0.27594246050027554
0148_L.jpg,410.78583227759935,682.3613412261864,430.3080292069856,346.3423162133094,173.4156855650607,1.0,1.661112160180497,1.04752402686613,0.8431213761512093,0.42215595558288505,39.28719652641254,1334.2589121297333,3.2480645808350874,0.3078756518267555
0148_R.jpg,342.8644046850008,574.1123583411178,356.20218977429096,352.32371478513903,135.07405376311175,1.0,1.6744589129004832,1.0389010492399873,1.0275890701130925,0.3939576459889678,52.157464518371505,1151.2685028820513,3.357795347521578,0.29781445755415376
0149_L.jpg,420.76121494263225,647.2356603278283,412.0436870041816,408.1629576529453,155.04837954651444,1.0,1.5382493379673177,0.9792815315935448,0.9700584159321703,0.3684949421197345,45.47652386715558,1317.0723416082055,3.130213277352046,0.31946704949316873
0149_R.jpg,354.5645216318181,558.1576838134542,352.3464204444257,278.4690287985362,117.72000679578642,1.0,1.5742062438865458,0.9937441535966881,0.7853832287475737,0.33201293308761326,50.049096665929774,1004.098977151262,2.831921740308593,0.3531171026961467
0150_L.jpg,406.2733070237325,590.1194794276834,276.55198426335687,274.5632896073326,143.40502083260543,1.0,1.4525184628809775,0.6807042931009052,0.6758093255466915,0.35297672368179583,63.05769256874541,1056.8267362567742,2.601270420640851,0.3844275443510557
0150_R.jpg,407.9215610874228,591.9341179557063,339.5555919139015,433.0588874506561,116.84605256490268,1.0,1.4510978933737881,0.8324041293839096,1.0616229411758062,0.2864424529397726,44.70267713510852,1245.466481429964,3.0532009097774675,0.32752512184757765
0152_L.jpg,386.6833329741534,580.1810062385704,327.0244639166923,380.6691476860188,109.20164833920778,1.0,1.5004034484138231,0.8457164714118961,0.9844467429152509,0.2824058836446075,53.49111286163804,1183.2102199427968,3.0598945417228123,0.32680864858727127
0160_L.jpg,434.2948307313823,595.6786046182958,339.5173044190826,371.0525569242179,102.55242561733974,1.0,1.3715995735319533,0.7817668560487173,0.8543794000479811,0.23613549681131227,57.68553213402331,1178.658542164894,2.7139594090492674,0.36846534869521574
0163_L.jpg,437.9920090595261,594.9495776954548,374.7692623468472,373.7191458836435,120.2538980657176,1.0,1.3583571512479284,0.855653195937448,0.8532556260241098,0.2745572877549332,52.48781029867335,1204.4118950899303,2.7498490159126225,0.3636563295705597
0166_L.jpg,406.3594467955679,591.0346859533711,275.68822970885066,367.99184773578884,123.0447073221762,1.0,1.4544627684039297,0.6784344055068674,0.9055821161232136,0.3027977035909239,54.63087655892803,1167.677451552152,2.873508812850583,0.3480065888532906
0169_L.jpg,420.8111215260357,586.4077079984539,383.5896244686501,334.53998266276034,152.10851389715174,1.0,1.3935176092112211,0.9115482097469167,0.7949884533697198,0.36146505193480427,48.86375035332302,1201.2013409520152,2.854490481610754,0.3503252179126946
0200_L.jpg,355.37304343464206,610.0467195223657,387.1149700024529,400.1012371887895,150.90394295710104,1.0,1.7166375750572698,1.0893200178072837,1.1258626521636372,0.4246353113861162,41.816439928997674,1324.7893229913116,3.727883550725643,0.2682487224702465
0231_L.jpg,408.6477700905757,584.7879957728271,312.8226334522488,302.39378300487596,86.27861844049197,1.0,1.4310319022252596,0.7655067673143364,0.7399863773583083,0.21113199374945454,66.51261331066074,1073.4261652724156,2.626776025315135,0.3806948100495282
0246_L.jpg,417.2349458039199,586.7887183646257,329.46168214224855,358.13963757171587,96.60745312862771,1.0,1.4063748117598658,0.7896310830518963,0.8583644327338392,0.23154209420902272,54.915624472045046,1129.1512325884416,2.7062719552716654,0.3695120137693687
0270_L.jpg,396.32310051270036,598.9298790342656,286.66705426330384,330.7748478950599,65.19202405202648,1.0,1.51121617251042,0.7233165412070586,0.8346090537421501,0.16449211254073082,56.43211892311765,1126.903761013044,2.8433966113891254,0.3516920559005153
0284_L.jpg,463.51914739307153,658.7753790177651,350.46397817750113,388.13528569301707,108.67382389517726,1.0,1.4212473912304495,0.7560938531851029,0.8373662401563581,0.2344537965829061,56.33888562829092,1248.592010297313,2.6937226160335666,0.37123347223942194
0289_L.jpg,516.0155036430591,579.5593153422693,334.0134727821619,396.46689647434624,138.2316895650198,1.0,1.1231432219586275,0.6472934832849662,0.7683236136807865,0.2678828224910043,69.31967527254812,1130.4065981650788,2.190644641845896,0.45648663452661736
0289_R.jpg,467.4665763453041,555.4259626628917,406.5870140572618,408.31482951271806,143.0034964607509,1.0,1.1881618724599778,0.8697670264171522,0.8734631526064608,0.3059117029901157,68.73310799557055,1122.6498592267344,2.4015617715467754,0.4163957021001085
0298_L.jpg,468.5776349763185,576.9064048873092,314.10189429546585,476.4000419815263,101.1236866416568,1.0,1.2311863858300995,0.6703305297772914,1.0166939401740827,0.21580988739841905,54.91059836483871,1256.6160502049818,2.6817670251557995,0.3728884689160887
